week,BAC,PV,EV,AC,CPI,SPI,CV,SV,EAC,evidence_type,origin
0,311600000.0,0.0,0.0,0.0,,,0.0,0.0,,DERIVED,SIMULATED
1,311600000.0,2720000.0,2424133.197650913,2695737.041007035,0.8992469075341785,0.8912254403128357,-271603.8433561218,-295866.80234908685,346512173.0075638,DERIVED,SIMULATED
2,311600000.0,5440000.0,4853121.275785509,5382721.789750991,0.9016110186162932,0.8921178815782185,-529600.5139654828,-586878.7242144914,345603584.65695554,DERIVED,SIMULATED
3,311600000.0,8160000.0,7269394.406698741,8065902.767388471,0.9012499426710026,0.8908571576836692,-796508.3606897304,-890605.593301259,345742046.95816356,DERIVED,SIMULATED
4,311600000.0,10880000.0,9612215.760420302,10664949.005506277,0.90129036298791,0.8834757132739248,-1052733.2450859752,-1267784.239579698,345726541.4078102,DERIVED,SIMULATED
5,311600000.0,16000000.0,12037781.354546385,13375577.796382371,0.8999821568681831,0.752361334659149,-1337796.4418359865,-3962218.645453615,346229086.45692056,DERIVED,SIMULATED
6,311600000.0,21120000.0,14508509.530761935,16138899.192753782,0.8989776413794147,0.6869559436913795,-1630389.6619918477,-6611490.469238065,346615962.0186691,DERIVED,SIMULATED
7,311600000.0,26240000.0,17028399.24055666,18952425.24024103,0.8984812774462685,0.6489481417895069,-1924025.9996843673,-9211600.759443339,346807449.21658593,DERIVED,SIMULATED
8,311600000.0,31360000.0,19469994.788218923,21688988.92349798,0.8976902914605215,0.620854425644736,-2218994.1352790557,-11890005.211781077,347113033.2634365,DERIVED,SIMULATED
9,311600000.0,38397948.71794872,23473160.436421655,26158162.393671863,0.8973551002229515,0.6113128753007937,-2685001.9572502077,-14924788.281527065,347242691.2407159,DERIVED,SIMULATED
10,311600000.0,45435897.43589744,27544543.22200111,30703760.26567631,0.8971065102013943,0.6062286600779024,-3159217.043675199,-17891354.21389633,347338912.8901181,DERIVED,SIMULATED
11,311600000.0,52473846.15384616,31755031.409102283,35399180.27511977,0.8970555578492092,0.6051592123817428,-3644148.866017483,-20718814.744743876,347358641.58413535,DERIVED,SIMULATED
12,311600000.0,59511794.87179487,35850326.64612062,39952974.28231308,0.8973130859494315,0.6024070812072179,-4102647.636192456,-23661468.22567425,347258949.9464408,DERIVED,SIMULATED
13,311600000.0,66549743.58974359,39861018.08971603,44425081.08941041,0.8972638228727441,0.5989657651492329,-4564062.999694377,-26688725.50002756,347278015.7371766,DERIVED,SIMULATED
14,311600000.0,73587692.30769232,44051198.41668154,49089135.35996477,0.8973716504407617,0.598621821601501,-5037936.94328323,-29536493.891010776,347236287.04667854,DERIVED,SIMULATED
15,311600000.0,80625641.02564102,48173897.58149976,53690848.620428525,0.897245970576266,0.5975009558829955,-5516951.038928762,-32451743.44414126,347284925.44789195,DERIVED,SIMULATED
16,311600000.0,88528454.6084546,52356901.994434014,58362112.10948107,0.8971043045223942,0.5914132605838333,-6005210.1150470525,-36171552.614020586,347339766.8801639,DERIVED,SIMULATED
17,311600000.0,96431268.19126819,56394721.23426041,62868705.07393931,0.8970237444517919,0.5848177908684491,-6473983.839678898,-40036546.95700778,347370960.8327387,DERIVED,SIMULATED
18,311600000.0,104334081.77408178,60390943.34131935,67340541.40282267,0.8967991953029945,0.578822780767707,-6949598.061503321,-43943138.43276243,347457938.8920194,DERIVED,SIMULATED
19,311600000.0,112236895.35689536,64413416.03200327,71842759.86297974,0.8965888303129516,0.5739058963380884,-7429343.830976471,-47823479.32489209,347539462.3098717,DERIVED,SIMULATED
20,311600000.0,120139708.93970895,68499743.41903341,76423047.12878218,0.8963231118435119,0.5701673828210239,-7923303.709748775,-51639965.52067554,347642491.73394287,DERIVED,SIMULATED
21,311600000.0,128042522.52252252,72497405.70084436,80889782.58164054,0.896249234292033,0.5661978870190734,-8392376.88079618,-55545116.82167816,347671147.7986809,DERIVED,SIMULATED
22,311600000.0,135945336.1053361,76563216.37329543,85433573.71524017,0.8961724652709642,0.5631911955697477,-8870357.34194474,-59382119.73204067,347700930.4294855,DERIVED,SIMULATED
23,311600000.0,143848149.6881497,80588787.52001631,89936014.58471076,0.8960680311679778,0.5602351347217591,-9347227.06469445,-63259362.16813338,347741453.9539433,DERIVED,SIMULATED
24,311600000.0,151750963.27096328,84479676.75258875,94298287.73106015,0.8958771021752358,0.5566994431642825,-9818610.978471398,-67271286.51837453,347815564.48247105,DERIVED,SIMULATED
25,311600000.0,159653776.85377684,106568217.83629523,117486594.33328734,0.907067044040627,0.6674957519727114,-10918376.496992111,-53085559.01748161,343524772.5591975,DERIVED,SIMULATED
26,311600000.0,167556590.43659046,134513904.9343778,147945167.68947655,0.9092145896695338,0.8027968615491896,-13431262.75509876,-33042685.502212673,342713374.31271887,DERIVED,SIMULATED
27,311600000.0,175459404.019404,138489574.7825058,152389031.97440094,0.9087896483637351,0.7892969633431007,-13899457.191895127,-36969829.236898184,342873623.7929559,DERIVED,SIMULATED
28,311600000.0,183362217.60221758,144559437.91064322,159374638.01086316,0.9070416705874487,0.7883818149726333,-14815200.100219935,-38802779.691574365,343534382.2717551,DERIVED,SIMULATED
29,311600000.0,191265031.18503118,148584975.54777327,163865003.54976407,0.9067523408233387,0.776853848438354,-15280028.001990795,-42680055.637257904,343643998.4451152,DERIVED,SIMULATED
30,311600000.0,199167844.76784477,152587084.37711364,168340868.03687352,0.9064173551944074,0.766123088568705,-15753783.65975988,-46580760.390731126,343770999.3242223,DERIVED,SIMULATED
