wbs,section,discipline,baseline_finish,scope_quantity,actual_quantity,weekly_rate,current_finish,recovery_finish,current_delay_days,evidence_type,origin
S1-1,S1,Track,2026-10-12,18,13.339582212599726,0.43493203010852266,2026-10-17 00:10:00.375917116,2026-10-02 00:08:00.300733693,5.00694879533699,DERIVED,SIMULATED
S1-2,S1,Electrification,2026-11-30,18,9.714396476469826,0.44464181729896857,2026-12-11 10:34:04.372955728,2026-11-15 08:27:15.498364579,11.440328390691295,DERIVED,SIMULATED
S1-3,S1,Stations,2026-11-09,2,1.0,0.0,,,,DERIVED,SIMULATED
S1-4,S1,Signaling,2027-01-04,4,1.0,0.0,,,,DERIVED,SIMULATED
S2-1,S2,Track,2026-10-12,16,11.278707404050694,0.3837437071153942,2026-10-28 02:56:42.182145211,2026-10-10 21:33:21.745716168,16.122710441495496,DERIVED,SIMULATED
S2-2,S2,Electrification,2026-11-30,16,8.251834663099716,0.3670237572812787,2026-12-28 18:36:52.172349315,2026-11-29 05:17:29.737879454,28.77560384663559,DERIVED,SIMULATED
S2-3,S2,Stations,2026-11-09,2,1.0,0.0,,,,DERIVED,SIMULATED
S2-4,S2,Signaling,2027-01-04,4,1.0,0.0,,,,DERIVED,SIMULATED
S3-1,S3,Track,2026-10-12,20,11.036730698800621,0.35116095255188995,2027-01-28 16:08:43.637411938,2026-12-23 22:30:58.909929549,108.67272728486039,DERIVED,SIMULATED
S3-2,S3,Electrification,2026-11-30,20,8.033078731963638,0.3612194173243928,2027-03-22 21:42:38.489901661,2027-02-04 12:34:06.791921330,112.90461215163958,DERIVED,SIMULATED
S3-3,S3,Stations,2026-11-09,2,0.0,0.0,,,,DERIVED,SIMULATED
S3-4,S3,Signaling,2027-01-04,4,1.0,0.25,2026-10-26 00:00:00.000000000,2026-10-09 04:48:00.000000000,-70.0,DERIVED,SIMULATED
S4-1,S4,Track,2026-10-12,14,9.574194347355474,0.31431815413513275,2026-11-09 13:33:00.459622517,2026-10-20 20:26:24.367698012,28.564588653038395,DERIVED,SIMULATED
S4-2,S4,Electrification,2026-11-30,14,6.928272779942464,0.321339653937591,2027-01-04 01:10:43.868573567,2026-12-04 05:44:35.094858855,35.0491188492311,DERIVED,SIMULATED
S4-3,S4,Stations,2026-11-09,2,1.0,0.0,,,,DERIVED,SIMULATED
S4-4,S4,Signaling,2027-01-04,4,1.0,0.0,,,,DERIVED,SIMULATED
