wbs,section,discipline,unit,week,date,start_week,finish_week,baseline_finish,scope_quantity,planned_quantity,actual_quantity,budget,actual_cost,outstanding_commitments,evidence_type,origin
S1-1,S1,Track,route-mile,0,2026-01-05,0,40,2026-10-12,18,0.0,0.0,28800000.0,0.0,18720000.0,SIMULATED,SIMULATED
S1-1,S1,Track,route-mile,1,2026-01-12,0,40,2026-10-12,18,0.45,0.41689309189848134,28800000.0,687569.5259783214,18286431.18442558,SIMULATED,SIMULATED
S1-1,S1,Track,route-mile,2,2026-01-19,0,40,2026-10-12,18,0.9,0.8748593549637017,28800000.0,1442170.4673007613,17810146.27083775,SIMULATED,SIMULATED
S1-1,S1,Track,route-mile,3,2026-01-26,0,40,2026-10-12,18,1.3499999999999999,1.3174429695055863,28800000.0,2171666.9262331165,17349859.31171419,SIMULATED,SIMULATED
S1-1,S1,Track,route-mile,4,2026-02-02,0,40,2026-10-12,18,1.8,1.7514045664709132,28800000.0,2887092.2524805306,16898539.25087025,SIMULATED,SIMULATED
S1-1,S1,Track,route-mile,5,2026-02-09,0,40,2026-10-12,18,2.25,2.1839777009579033,28800000.0,3600251.607963299,16448663.191003783,SIMULATED,SIMULATED
S1-1,S1,Track,route-mile,6,2026-02-16,0,40,2026-10-12,18,2.6999999999999997,2.655362876663429,28800000.0,4376752.214714716,15958422.608270034,SIMULATED,SIMULATED
S1-1,S1,Track,route-mile,7,2026-02-23,0,40,2026-10-12,18,3.15,3.1369611925113654,28800000.0,5169920.666178549,15457560.359788181,SIMULATED,SIMULATED
S1-1,S1,Track,route-mile,8,2026-03-02,0,40,2026-10-12,18,3.6,3.553713361902799,28800000.0,5857260.2066253675,15024138.103621088,SIMULATED,SIMULATED
S1-1,S1,Track,route-mile,9,2026-03-09,0,40,2026-10-12,18,4.05,4.0128264878220445,28800000.0,6613732.8281255765,14546660.452665072,SIMULATED,SIMULATED
S1-1,S1,Track,route-mile,10,2026-03-16,0,40,2026-10-12,18,4.5,4.440355264393426,28800000.0,7318659.7914900705,14102030.525030836,SIMULATED,SIMULATED
S1-1,S1,Track,route-mile,11,2026-03-23,0,40,2026-10-12,18,4.95,4.927461596427895,28800000.0,8120817.325370324,13595439.939714989,SIMULATED,SIMULATED
S1-1,S1,Track,route-mile,12,2026-03-30,0,40,2026-10-12,18,5.3999999999999995,5.410370245731766,28800000.0,8916124.241034241,13093214.944438964,SIMULATED,SIMULATED
S1-1,S1,Track,route-mile,13,2026-04-06,0,40,2026-10-12,18,5.8500000000000005,5.867976334381055,28800000.0,9670137.37770988,12617304.612243704,SIMULATED,SIMULATED
S1-1,S1,Track,route-mile,14,2026-04-13,0,40,2026-10-12,18,6.3,6.335994764230802,28800000.0,10441143.455224669,12130565.445199968,SIMULATED,SIMULATED
S1-1,S1,Track,route-mile,15,2026-04-20,0,40,2026-10-12,18,6.75,6.782844958573123,28800000.0,11177602.972391337,11665841.243083952,SIMULATED,SIMULATED
S1-1,S1,Track,route-mile,16,2026-04-27,0,40,2026-10-12,18,7.2,7.2573822260943865,28800000.0,11959247.79298604,11172322.484861838,SIMULATED,SIMULATED
S1-1,S1,Track,route-mile,17,2026-05-04,0,40,2026-10-12,18,7.6499999999999995,7.698282932689536,28800000.0,12685997.746149324,10713785.750002882,SIMULATED,SIMULATED
S1-1,S1,Track,route-mile,18,2026-05-11,0,40,2026-10-12,18,8.1,8.129421122279792,28800000.0,13396815.27156062,10265402.032829015,SIMULATED,SIMULATED
S1-1,S1,Track,route-mile,19,2026-05-18,0,40,2026-10-12,18,8.549999999999999,8.555131942380857,28800000.0,14098775.32996556,9822662.779923908,SIMULATED,SIMULATED
S1-1,S1,Track,route-mile,20,2026-05-25,0,40,2026-10-12,18,9.0,8.976248217745605,28800000.0,14793237.091360826,9384701.853544572,SIMULATED,SIMULATED
S1-1,S1,Track,route-mile,21,2026-06-01,0,40,2026-10-12,18,9.450000000000001,9.424048498487666,28800000.0,15531247.149531871,8918989.561572827,SIMULATED,SIMULATED
S1-1,S1,Track,route-mile,22,2026-06-08,0,40,2026-10-12,18,9.9,9.86339276309465,28800000.0,16255456.989370469,8462071.526381565,SIMULATED,SIMULATED
S1-1,S1,Track,route-mile,23,2026-06-15,0,40,2026-10-12,18,10.35,10.323432156378757,28800000.0,17013441.27921013,7983630.557366094,SIMULATED,SIMULATED
S1-1,S1,Track,route-mile,24,2026-06-22,0,40,2026-10-12,18,10.799999999999999,10.72552624335764,28800000.0,17676858.82915967,7565452.706908055,SIMULATED,SIMULATED
S1-1,S1,Track,route-mile,25,2026-06-29,0,40,2026-10-12,18,11.25,11.16636648278474,28800000.0,18403510.099904697,7106978.85790387,SIMULATED,SIMULATED
S1-1,S1,Track,route-mile,26,2026-07-06,0,40,2026-10-12,18,11.700000000000001,11.599854092165636,28800000.0,19118161.878414318,6656151.744147739,SIMULATED,SIMULATED
S1-1,S1,Track,route-mile,27,2026-07-13,0,40,2026-10-12,18,12.15,12.018214018314191,28800000.0,19808125.27788876,6221057.42095324,SIMULATED,SIMULATED
S1-1,S1,Track,route-mile,28,2026-07-20,0,40,2026-10-12,18,12.6,12.47216656742083,28800000.0,20556175.838030793,5748946.769882337,SIMULATED,SIMULATED
S1-1,S1,Track,route-mile,29,2026-07-27,0,40,2026-10-12,18,13.049999999999999,12.911902969616033,28800000.0,21281025.646413364,5291620.911599325,SIMULATED,SIMULATED
S1-1,S1,Track,route-mile,30,2026-08-03,0,40,2026-10-12,18,13.5,13.339582212599726,28800000.0,21986198.17096275,4846834.498896286,SIMULATED,SIMULATED
S1-2,S1,Electrification,route-mile,0,2026-01-05,8,47,2026-11-30,18,0.0,0.0,19800000.0,0.0,12870000.0,SIMULATED,SIMULATED
S1-2,S1,Electrification,route-mile,1,2026-01-12,8,47,2026-11-30,18,0.0,0.0,19800000.0,0.0,12870000.0,SIMULATED,SIMULATED
S1-2,S1,Electrification,route-mile,2,2026-01-19,8,47,2026-11-30,18,0.0,0.0,19800000.0,0.0,12870000.0,SIMULATED,SIMULATED
S1-2,S1,Electrification,route-mile,3,2026-01-26,8,47,2026-11-30,18,0.0,0.0,19800000.0,0.0,12870000.0,SIMULATED,SIMULATED
S1-2,S1,Electrification,route-mile,4,2026-02-02,8,47,2026-11-30,18,0.0,0.0,19800000.0,0.0,12870000.0,SIMULATED,SIMULATED
S1-2,S1,Electrification,route-mile,5,2026-02-09,8,47,2026-11-30,18,0.0,0.0,19800000.0,0.0,12870000.0,SIMULATED,SIMULATED
S1-2,S1,Electrification,route-mile,6,2026-02-16,8,47,2026-11-30,18,0.0,0.0,19800000.0,0.0,12870000.0,SIMULATED,SIMULATED
S1-2,S1,Electrification,route-mile,7,2026-02-23,8,47,2026-11-30,18,0.0,0.0,19800000.0,0.0,12870000.0,SIMULATED,SIMULATED
S1-2,S1,Electrification,route-mile,8,2026-03-02,8,47,2026-11-30,18,0.0,0.0,19800000.0,0.0,12870000.0,SIMULATED,SIMULATED
S1-2,S1,Electrification,route-mile,9,2026-03-09,8,47,2026-11-30,18,0.4615384615384615,0.413153453688268,19800000.0,468635.0981151598,12574595.280612888,SIMULATED,SIMULATED
S1-2,S1,Electrification,route-mile,10,2026-03-16,8,47,2026-11-30,18,0.923076923076923,0.8846650878995401,19800000.0,1002748.0747771303,12237464.462151831,SIMULATED,SIMULATED
S1-2,S1,Electrification,route-mile,11,2026-03-23,8,47,2026-11-30,18,1.3846153846153846,1.3494073818692236,19800000.0,1529265.8516880383,11905173.721963506,SIMULATED,SIMULATED
S1-2,S1,Electrification,route-mile,12,2026-03-30,8,47,2026-11-30,18,1.846153846153846,1.797415093566584,19800000.0,2037007.4272893998,11584848.208099892,SIMULATED,SIMULATED
S1-2,S1,Electrification,route-mile,13,2026-04-06,8,47,2026-11-30,18,2.3076923076923075,2.2224720403326206,19800000.0,2518998.2446378157,11280932.491162177,SIMULATED,SIMULATED
S1-2,S1,Electrification,route-mile,14,2026-04-13,8,47,2026-11-30,18,2.769230769230769,2.7003173507338873,19800000.0,3060217.6059849607,10939273.094225273,SIMULATED,SIMULATED
S1-2,S1,Electrification,route-mile,15,2026-04-20,8,47,2026-11-30,18,3.230769230769231,3.144523552893323,19800000.0,3563693.8878847696,10621665.659681275,SIMULATED,SIMULATED
S1-2,S1,Electrification,route-mile,16,2026-04-27,8,47,2026-11-30,18,3.692307692307692,3.577271033607305,19800000.0,4054313.4843227807,10312251.210970776,SIMULATED,SIMULATED
S1-2,S1,Electrification,route-mile,17,2026-05-04,8,47,2026-11-30,18,4.153846153846154,4.051048322735946,19800000.0,4590968.52580204,9973500.449243799,SIMULATED,SIMULATED
S1-2,S1,Electrification,route-mile,18,2026-05-11,8,47,2026-11-30,18,4.615384615384615,4.4738454720062535,19800000.0,5070423.850360247,9671200.48751553,SIMULATED,SIMULATED
S1-2,S1,Electrification,route-mile,19,2026-05-18,8,47,2026-11-30,18,5.076923076923077,4.9296861050439595,19800000.0,5586953.963705476,9345274.434893569,SIMULATED,SIMULATED
S1-2,S1,Electrification,route-mile,20,2026-05-25,8,47,2026-11-30,18,5.538461538461538,5.351998859415974,19800000.0,6065865.7971878,9043320.815517578,SIMULATED,SIMULATED
S1-2,S1,Electrification,route-mile,21,2026-06-01,8,47,2026-11-30,18,6.0,5.769726245435796,19800000.0,6539632.847378963,8744645.734513408,SIMULATED,SIMULATED
S1-2,S1,Electrification,route-mile,22,2026-06-08,8,47,2026-11-30,18,6.461538461538462,6.225992016024867,19800000.0,7056639.9650568245,8418415.70854222,SIMULATED,SIMULATED
S1-2,S1,Electrification,route-mile,23,2026-06-15,8,47,2026-11-30,18,6.923076923076923,6.640766342494426,19800000.0,7527093.682432591,8121852.0651164865,SIMULATED,SIMULATED
S1-2,S1,Electrification,route-mile,24,2026-06-22,8,47,2026-11-30,18,7.384615384615384,7.0788080702757945,19800000.0,8023653.424080211,7808652.229752807,SIMULATED,SIMULATED
S1-2,S1,Electrification,route-mile,25,2026-06-29,8,47,2026-11-30,18,7.846153846153847,7.524475058745093,19800000.0,8528768.708219687,7490000.332997259,SIMULATED,SIMULATED
S1-2,S1,Electrification,route-mile,26,2026-07-06,8,47,2026-11-30,18,8.307692307692308,7.935829207273952,19800000.0,8995384.98594599,7195882.1167991245,SIMULATED,SIMULATED
S1-2,S1,Electrification,route-mile,27,2026-07-13,8,47,2026-11-30,18,8.769230769230768,8.394761926200463,19800000.0,9515384.419658458,6867745.2227666695,SIMULATED,SIMULATED
S1-2,S1,Electrification,route-mile,28,2026-07-20,8,47,2026-11-30,18,9.23076923076923,8.83766146201147,19800000.0,10017394.621915331,6551072.054661799,SIMULATED,SIMULATED
S1-2,S1,Electrification,route-mile,29,2026-07-27,8,47,2026-11-30,18,9.692307692307692,9.28696700336056,19800000.0,10526592.362385934,6229818.592597199,SIMULATED,SIMULATED
S1-2,S1,Electrification,route-mile,30,2026-08-03,8,47,2026-11-30,18,10.153846153846153,9.714396476469826,19800000.0,11011245.154291453,5924206.5193240745,SIMULATED,SIMULATED
S1-3,S1,Stations,station,0,2026-01-05,4,44,2026-11-09,2,0.0,0.0,24000000.0,0.0,15600000.0,SIMULATED,SIMULATED
S1-3,S1,Stations,station,1,2026-01-12,4,44,2026-11-09,2,0.0,0.0,24000000.0,0.0,15600000.0,SIMULATED,SIMULATED
S1-3,S1,Stations,station,2,2026-01-19,4,44,2026-11-09,2,0.0,0.0,24000000.0,0.0,15600000.0,SIMULATED,SIMULATED
S1-3,S1,Stations,station,3,2026-01-26,4,44,2026-11-09,2,0.0,0.0,24000000.0,0.0,15600000.0,SIMULATED,SIMULATED
S1-3,S1,Stations,station,4,2026-02-02,4,44,2026-11-09,2,0.0,0.0,24000000.0,0.0,15600000.0,SIMULATED,SIMULATED
S1-3,S1,Stations,station,5,2026-02-09,4,44,2026-11-09,2,0.05,0.0,24000000.0,6000.0,15600000.0,SIMULATED,SIMULATED
S1-3,S1,Stations,station,6,2026-02-16,4,44,2026-11-09,2,0.1,0.0,24000000.0,12000.0,15600000.0,SIMULATED,SIMULATED
S1-3,S1,Stations,station,7,2026-02-23,4,44,2026-11-09,2,0.15,0.0,24000000.0,18000.0,15600000.0,SIMULATED,SIMULATED
S1-3,S1,Stations,station,8,2026-03-02,4,44,2026-11-09,2,0.2,0.0,24000000.0,24000.0,15600000.0,SIMULATED,SIMULATED
S1-3,S1,Stations,station,9,2026-03-09,4,44,2026-11-09,2,0.25,0.0,24000000.0,30000.0,15600000.0,SIMULATED,SIMULATED
S1-3,S1,Stations,station,10,2026-03-16,4,44,2026-11-09,2,0.3,0.0,24000000.0,36000.0,15600000.0,SIMULATED,SIMULATED
S1-3,S1,Stations,station,11,2026-03-23,4,44,2026-11-09,2,0.35,0.0,24000000.0,42000.0,15600000.0,SIMULATED,SIMULATED
S1-3,S1,Stations,station,12,2026-03-30,4,44,2026-11-09,2,0.4,0.0,24000000.0,48000.0,15600000.0,SIMULATED,SIMULATED
S1-3,S1,Stations,station,13,2026-04-06,4,44,2026-11-09,2,0.45,0.0,24000000.0,54000.0,15600000.0,SIMULATED,SIMULATED
S1-3,S1,Stations,station,14,2026-04-13,4,44,2026-11-09,2,0.5,0.0,24000000.0,60000.0,15600000.0,SIMULATED,SIMULATED
S1-3,S1,Stations,station,15,2026-04-20,4,44,2026-11-09,2,0.55,0.0,24000000.0,66000.0,15600000.0,SIMULATED,SIMULATED
S1-3,S1,Stations,station,16,2026-04-27,4,44,2026-11-09,2,0.6,0.0,24000000.0,72000.0,15600000.0,SIMULATED,SIMULATED
S1-3,S1,Stations,station,17,2026-05-04,4,44,2026-11-09,2,0.65,0.0,24000000.0,78000.0,15600000.0,SIMULATED,SIMULATED
S1-3,S1,Stations,station,18,2026-05-11,4,44,2026-11-09,2,0.7,0.0,24000000.0,84000.0,15600000.0,SIMULATED,SIMULATED
S1-3,S1,Stations,station,19,2026-05-18,4,44,2026-11-09,2,0.75,0.0,24000000.0,90000.0,15600000.0,SIMULATED,SIMULATED
S1-3,S1,Stations,station,20,2026-05-25,4,44,2026-11-09,2,0.8,0.0,24000000.0,96000.0,15600000.0,SIMULATED,SIMULATED
S1-3,S1,Stations,station,21,2026-06-01,4,44,2026-11-09,2,0.85,0.0,24000000.0,102000.0,15600000.0,SIMULATED,SIMULATED
S1-3,S1,Stations,station,22,2026-06-08,4,44,2026-11-09,2,0.9,0.0,24000000.0,108000.0,15600000.0,SIMULATED,SIMULATED
S1-3,S1,Stations,station,23,2026-06-15,4,44,2026-11-09,2,0.95,0.0,24000000.0,114000.0,15600000.0,SIMULATED,SIMULATED
S1-3,S1,Stations,station,24,2026-06-22,4,44,2026-11-09,2,1.0,0.0,24000000.0,120000.0,15600000.0,SIMULATED,SIMULATED
S1-3,S1,Stations,station,25,2026-06-29,4,44,2026-11-09,2,1.05,1.0,24000000.0,12366000.0,7800000.0,SIMULATED,SIMULATED
S1-3,S1,Stations,station,26,2026-07-06,4,44,2026-11-09,2,1.1,1.0,24000000.0,12372000.0,7800000.0,SIMULATED,SIMULATED
S1-3,S1,Stations,station,27,2026-07-13,4,44,2026-11-09,2,1.15,1.0,24000000.0,12378000.0,7800000.0,SIMULATED,SIMULATED
S1-3,S1,Stations,station,28,2026-07-20,4,44,2026-11-09,2,1.2,1.0,24000000.0,12384000.0,7800000.0,SIMULATED,SIMULATED
S1-3,S1,Stations,station,29,2026-07-27,4,44,2026-11-09,2,1.25,1.0,24000000.0,12390000.0,7800000.0,SIMULATED,SIMULATED
S1-3,S1,Stations,station,30,2026-08-03,4,44,2026-11-09,2,1.3,1.0,24000000.0,12396000.0,7800000.0,SIMULATED,SIMULATED
S1-4,S1,Signaling,installation,0,2026-01-05,15,52,2027-01-04,4,0.0,0.0,8000000.0,0.0,5200000.0,SIMULATED,SIMULATED
S1-4,S1,Signaling,installation,1,2026-01-12,15,52,2027-01-04,4,0.0,0.0,8000000.0,0.0,5200000.0,SIMULATED,SIMULATED
S1-4,S1,Signaling,installation,2,2026-01-19,15,52,2027-01-04,4,0.0,0.0,8000000.0,0.0,5200000.0,SIMULATED,SIMULATED
S1-4,S1,Signaling,installation,3,2026-01-26,15,52,2027-01-04,4,0.0,0.0,8000000.0,0.0,5200000.0,SIMULATED,SIMULATED
S1-4,S1,Signaling,installation,4,2026-02-02,15,52,2027-01-04,4,0.0,0.0,8000000.0,0.0,5200000.0,SIMULATED,SIMULATED
S1-4,S1,Signaling,installation,5,2026-02-09,15,52,2027-01-04,4,0.0,0.0,8000000.0,0.0,5200000.0,SIMULATED,SIMULATED
S1-4,S1,Signaling,installation,6,2026-02-16,15,52,2027-01-04,4,0.0,0.0,8000000.0,0.0,5200000.0,SIMULATED,SIMULATED
S1-4,S1,Signaling,installation,7,2026-02-23,15,52,2027-01-04,4,0.0,0.0,8000000.0,0.0,5200000.0,SIMULATED,SIMULATED
S1-4,S1,Signaling,installation,8,2026-03-02,15,52,2027-01-04,4,0.0,0.0,8000000.0,0.0,5200000.0,SIMULATED,SIMULATED
S1-4,S1,Signaling,installation,9,2026-03-09,15,52,2027-01-04,4,0.0,0.0,8000000.0,0.0,5200000.0,SIMULATED,SIMULATED
S1-4,S1,Signaling,installation,10,2026-03-16,15,52,2027-01-04,4,0.0,0.0,8000000.0,0.0,5200000.0,SIMULATED,SIMULATED
S1-4,S1,Signaling,installation,11,2026-03-23,15,52,2027-01-04,4,0.0,0.0,8000000.0,0.0,5200000.0,SIMULATED,SIMULATED
S1-4,S1,Signaling,installation,12,2026-03-30,15,52,2027-01-04,4,0.0,0.0,8000000.0,0.0,5200000.0,SIMULATED,SIMULATED
S1-4,S1,Signaling,installation,13,2026-04-06,15,52,2027-01-04,4,0.0,0.0,8000000.0,0.0,5200000.0,SIMULATED,SIMULATED
S1-4,S1,Signaling,installation,14,2026-04-13,15,52,2027-01-04,4,0.0,0.0,8000000.0,0.0,5200000.0,SIMULATED,SIMULATED
S1-4,S1,Signaling,installation,15,2026-04-20,15,52,2027-01-04,4,0.0,0.0,8000000.0,0.0,5200000.0,SIMULATED,SIMULATED
S1-4,S1,Signaling,installation,16,2026-04-27,15,52,2027-01-04,4,0.10810810810810811,0.0,8000000.0,2162.162162162162,5200000.0,SIMULATED,SIMULATED
S1-4,S1,Signaling,installation,17,2026-05-04,15,52,2027-01-04,4,0.21621621621621623,0.0,8000000.0,4324.324324324324,5200000.0,SIMULATED,SIMULATED
S1-4,S1,Signaling,installation,18,2026-05-11,15,52,2027-01-04,4,0.32432432432432434,0.0,8000000.0,6486.486486486487,5200000.0,SIMULATED,SIMULATED
S1-4,S1,Signaling,installation,19,2026-05-18,15,52,2027-01-04,4,0.43243243243243246,0.0,8000000.0,8648.648648648648,5200000.0,SIMULATED,SIMULATED
S1-4,S1,Signaling,installation,20,2026-05-25,15,52,2027-01-04,4,0.5405405405405406,0.0,8000000.0,10810.810810810812,5200000.0,SIMULATED,SIMULATED
S1-4,S1,Signaling,installation,21,2026-06-01,15,52,2027-01-04,4,0.6486486486486487,0.0,8000000.0,12972.972972972973,5200000.0,SIMULATED,SIMULATED
S1-4,S1,Signaling,installation,22,2026-06-08,15,52,2027-01-04,4,0.7567567567567568,0.0,8000000.0,15135.135135135137,5200000.0,SIMULATED,SIMULATED
S1-4,S1,Signaling,installation,23,2026-06-15,15,52,2027-01-04,4,0.8648648648648649,0.0,8000000.0,17297.297297297297,5200000.0,SIMULATED,SIMULATED
S1-4,S1,Signaling,installation,24,2026-06-22,15,52,2027-01-04,4,0.972972972972973,0.0,8000000.0,19459.45945945946,5200000.0,SIMULATED,SIMULATED
S1-4,S1,Signaling,installation,25,2026-06-29,15,52,2027-01-04,4,1.0810810810810811,1.0,8000000.0,2061621.6216216215,3900000.0,SIMULATED,SIMULATED
S1-4,S1,Signaling,installation,26,2026-07-06,15,52,2027-01-04,4,1.1891891891891893,1.0,8000000.0,2063783.7837837837,3900000.0,SIMULATED,SIMULATED
S1-4,S1,Signaling,installation,27,2026-07-13,15,52,2027-01-04,4,1.2972972972972974,1.0,8000000.0,2065945.945945946,3900000.0,SIMULATED,SIMULATED
S1-4,S1,Signaling,installation,28,2026-07-20,15,52,2027-01-04,4,1.4054054054054055,1.0,8000000.0,2068108.1081081082,3900000.0,SIMULATED,SIMULATED
S1-4,S1,Signaling,installation,29,2026-07-27,15,52,2027-01-04,4,1.5135135135135136,1.0,8000000.0,2070270.2702702703,3900000.0,SIMULATED,SIMULATED
S1-4,S1,Signaling,installation,30,2026-08-03,15,52,2027-01-04,4,1.6216216216216217,1.0,8000000.0,2072432.4324324324,3900000.0,SIMULATED,SIMULATED
S2-1,S2,Track,route-mile,0,2026-01-05,0,40,2026-10-12,16,0.0,0.0,25600000.0,0.0,16640000.0,SIMULATED,SIMULATED
S2-1,S2,Track,route-mile,1,2026-01-12,0,40,2026-10-12,16,0.4,0.39763704229947333,25600000.0,687154.6164166983,16226457.476008547,SIMULATED,SIMULATED
S2-1,S2,Track,route-mile,2,2026-01-19,0,40,2026-10-12,16,0.8,0.7840918164666404,25600000.0,1355165.1897908885,15824544.510874696,SIMULATED,SIMULATED
S2-1,S2,Track,route-mile,3,2026-01-26,0,40,2026-10-12,16,1.2,1.1720942829819598,25600000.0,2025825.4124651153,15421021.945698764,SIMULATED,SIMULATED
S2-1,S2,Track,route-mile,4,2026-02-02,0,40,2026-10-12,16,1.6,1.5515580122704882,25600000.0,2681867.317007076,15026379.667238692,SIMULATED,SIMULATED
S2-1,S2,Track,route-mile,5,2026-02-09,0,40,2026-10-12,16,2.0,1.9589362124036298,25600000.0,3385698.795635015,14602706.339100225,SIMULATED,SIMULATED
S2-1,S2,Track,route-mile,6,2026-02-16,0,40,2026-10-12,16,2.4,2.31487760550988,25600000.0,4001470.460632915,14232527.290269727,SIMULATED,SIMULATED
S2-1,S2,Track,route-mile,7,2026-02-23,0,40,2026-10-12,16,2.8,2.6983461681285528,25600000.0,4664368.639836083,13833719.985146306,SIMULATED,SIMULATED
S2-1,S2,Track,route-mile,8,2026-03-02,0,40,2026-10-12,16,3.2,3.097977246381301,25600000.0,5354937.045804787,13418103.663763449,SIMULATED,SIMULATED
S2-1,S2,Track,route-mile,9,2026-03-09,0,40,2026-10-12,16,3.6,3.4465113075432097,25600000.0,5958027.358513975,13055628.240155064,SIMULATED,SIMULATED
S2-1,S2,Track,route-mile,10,2026-03-16,0,40,2026-10-12,16,4.0,3.8311975297749967,25600000.0,6623010.170974795,12655554.569034003,SIMULATED,SIMULATED
S2-1,S2,Track,route-mile,11,2026-03-23,0,40,2026-10-12,16,4.4,4.1998906071348205,25600000.0,7260612.7194148125,12272113.768579787,SIMULATED,SIMULATED
S2-1,S2,Track,route-mile,12,2026-03-30,0,40,2026-10-12,16,4.8,4.595896540013085,25600000.0,7944974.876502402,11860267.598386394,SIMULATED,SIMULATED
S2-1,S2,Track,route-mile,13,2026-04-06,0,40,2026-10-12,16,5.2,4.939388659931749,25600000.0,8539433.385803156,11503035.79367098,SIMULATED,SIMULATED
S2-1,S2,Track,route-mile,14,2026-04-13,0,40,2026-10-12,16,5.6,5.323421101385522,25600000.0,9203296.925572013,11103642.054559058,SIMULATED,SIMULATED
S2-1,S2,Track,route-mile,15,2026-04-20,0,40,2026-10-12,16,6.0,5.726273418872518,25600000.0,9899380.093109751,10684675.64437258,SIMULATED,SIMULATED
S2-1,S2,Track,route-mile,16,2026-04-27,0,40,2026-10-12,16,6.4,6.111925178122222,25600000.0,10566015.904945245,10283597.81475289,SIMULATED,SIMULATED
S2-1,S2,Track,route-mile,17,2026-05-04,0,40,2026-10-12,16,6.8,6.474489772820327,25600000.0,11193126.4910684,9906530.63626686,SIMULATED,SIMULATED
S2-1,S2,Track,route-mile,18,2026-05-11,0,40,2026-10-12,16,7.2,6.862205636225653,25600000.0,11863296.049218317,9503306.138325322,SIMULATED,SIMULATED
S2-1,S2,Track,route-mile,19,2026-05-18,0,40,2026-10-12,16,7.6,7.226034729999401,25600000.0,12492571.457758974,9124923.880800623,SIMULATED,SIMULATED
S2-1,S2,Track,route-mile,20,2026-05-25,0,40,2026-10-12,16,8.0,7.6147129076878395,25600000.0,13164388.497961583,8720698.576004649,SIMULATED,SIMULATED
S2-1,S2,Track,route-mile,21,2026-06-01,0,40,2026-10-12,16,8.4,7.962764406676282,25600000.0,13766652.664229795,8358725.017056667,SIMULATED,SIMULATED
S2-1,S2,Track,route-mile,22,2026-06-08,0,40,2026-10-12,16,8.8,8.322219785839813,25600000.0,14388440.27335776,7984891.422726595,SIMULATED,SIMULATED
S2-1,S2,Track,route-mile,23,2026-06-15,0,40,2026-10-12,16,9.2,8.66308020788022,25600000.0,14978393.315890938,7630396.58380457,SIMULATED,SIMULATED
S2-1,S2,Track,route-mile,24,2026-06-22,0,40,2026-10-12,16,9.6,9.007790193930214,25600000.0,15574936.812008526,7271898.198312578,SIMULATED,SIMULATED
S2-1,S2,Track,route-mile,25,2026-06-29,0,40,2026-10-12,16,10.0,9.387908869340416,25600000.0,16232099.984310793,6876574.775885968,SIMULATED,SIMULATED
S2-1,S2,Track,route-mile,26,2026-07-06,0,40,2026-10-12,16,10.4,9.743732575589117,25600000.0,16847670.169408567,6506518.121387319,SIMULATED,SIMULATED
S2-1,S2,Track,route-mile,27,2026-07-13,0,40,2026-10-12,16,10.8,10.120941986179474,25600000.0,17499852.680339262,6114220.334373347,SIMULATED,SIMULATED
S2-1,S2,Track,route-mile,28,2026-07-20,0,40,2026-10-12,16,11.2,10.508941615066552,25600000.0,18170508.044993937,5710700.720330785,SIMULATED,SIMULATED
S2-1,S2,Track,route-mile,29,2026-07-27,0,40,2026-10-12,16,11.6,10.913606815753637,25600000.0,18869694.868570227,5289848.911616218,SIMULATED,SIMULATED
S2-1,S2,Track,route-mile,30,2026-08-03,0,40,2026-10-12,16,12.0,11.278707404050694,25600000.0,19501147.07573479,4910144.299787278,SIMULATED,SIMULATED
S2-2,S2,Electrification,route-mile,0,2026-01-05,8,47,2026-11-30,16,0.0,0.0,17600000.0,0.0,11440000.0,SIMULATED,SIMULATED
S2-2,S2,Electrification,route-mile,1,2026-01-12,8,47,2026-11-30,16,0.0,0.0,17600000.0,0.0,11440000.0,SIMULATED,SIMULATED
S2-2,S2,Electrification,route-mile,2,2026-01-19,8,47,2026-11-30,16,0.0,0.0,17600000.0,0.0,11440000.0,SIMULATED,SIMULATED
S2-2,S2,Electrification,route-mile,3,2026-01-26,8,47,2026-11-30,16,0.0,0.0,17600000.0,0.0,11440000.0,SIMULATED,SIMULATED
S2-2,S2,Electrification,route-mile,4,2026-02-02,8,47,2026-11-30,16,0.0,0.0,17600000.0,0.0,11440000.0,SIMULATED,SIMULATED
S2-2,S2,Electrification,route-mile,5,2026-02-09,8,47,2026-11-30,16,0.0,0.0,17600000.0,0.0,11440000.0,SIMULATED,SIMULATED
S2-2,S2,Electrification,route-mile,6,2026-02-16,8,47,2026-11-30,16,0.0,0.0,17600000.0,0.0,11440000.0,SIMULATED,SIMULATED
S2-2,S2,Electrification,route-mile,7,2026-02-23,8,47,2026-11-30,16,0.0,0.0,17600000.0,0.0,11440000.0,SIMULATED,SIMULATED
S2-2,S2,Electrification,route-mile,8,2026-03-02,8,47,2026-11-30,16,0.0,0.0,17600000.0,0.0,11440000.0,SIMULATED,SIMULATED
S2-2,S2,Electrification,route-mile,9,2026-03-09,8,47,2026-11-30,16,0.41025641025641024,0.3567898173796368,17600000.0,424454.435568653,11184895.280573558,SIMULATED,SIMULATED
S2-2,S2,Electrification,route-mile,10,2026-03-16,8,47,2026-11-30,16,0.8205128205128205,0.7132085142073028,17600000.0,848472.0622476364,10930055.91234178,SIMULATED,SIMULATED
S2-2,S2,Electrification,route-mile,11,2026-03-23,8,47,2026-11-30,16,1.2307692307692308,1.055128310656026,17600000.0,1255424.4831806042,10685583.257880941,SIMULATED,SIMULATED
S2-2,S2,Electrification,route-mile,12,2026-03-30,8,47,2026-11-30,16,1.641025641025641,1.4374262936932949,17600000.0,1709902.0297282902,10412240.200009294,SIMULATED,SIMULATED
S2-2,S2,Electrification,route-mile,13,2026-04-06,8,47,2026-11-30,16,2.051282051282051,1.8313098870708489,17600000.0,2178015.8396464917,10130613.430744344,SIMULATED,SIMULATED
S2-2,S2,Electrification,route-mile,14,2026-04-13,8,47,2026-11-30,16,2.4615384615384617,2.1995264685225626,17600000.0,2615919.576527979,9867338.575006368,SIMULATED,SIMULATED
S2-2,S2,Electrification,route-mile,15,2026-04-20,8,47,2026-11-30,16,2.871794871794872,2.5740583717846235,17600000.0,3061256.4471802455,9599548.264173996,SIMULATED,SIMULATED
S2-2,S2,Electrification,route-mile,16,2026-04-27,8,47,2026-11-30,16,3.282051282051282,2.9782210347260736,17600000.0,3541468.7219751524,9310571.960170858,SIMULATED,SIMULATED
S2-2,S2,Electrification,route-mile,17,2026-05-04,8,47,2026-11-30,16,3.6923076923076925,3.3631647106972906,17600000.0,3999060.249106096,9035337.231851436,SIMULATED,SIMULATED
S2-2,S2,Electrification,route-mile,18,2026-05-11,8,47,2026-11-30,16,4.102564102564102,3.7515232322735645,17600000.0,4460671.04951419,8757660.888924401,SIMULATED,SIMULATED
S2-2,S2,Electrification,route-mile,19,2026-05-18,8,47,2026-11-30,16,4.512820512820513,4.15057827372026,17600000.0,4934871.653809773,8472336.534290014,SIMULATED,SIMULATED
S2-2,S2,Electrification,route-mile,20,2026-05-25,8,47,2026-11-30,16,4.923076923076923,4.499749918098377,17600000.0,5350359.499755637,8222678.808559661,SIMULATED,SIMULATED
S2-2,S2,Electrification,route-mile,21,2026-06-01,8,47,2026-11-30,16,5.333333333333333,4.881084059721236,17600000.0,5803702.604958563,7950024.897299318,SIMULATED,SIMULATED
S2-2,S2,Electrification,route-mile,22,2026-06-08,8,47,2026-11-30,16,5.743589743589744,5.267396002417158,17600000.0,6262904.582024482,7673811.858271733,SIMULATED,SIMULATED
S2-2,S2,Electrification,route-mile,23,2026-06-15,8,47,2026-11-30,16,6.153846153846154,5.662950995958287,17600000.0,6732985.6299352115,7390990.037889825,SIMULATED,SIMULATED
S2-2,S2,Electrification,route-mile,24,2026-06-22,8,47,2026-11-30,16,6.564102564102564,6.021599781739793,17600000.0,7159628.071312865,7134556.156056048,SIMULATED,SIMULATED
S2-2,S2,Electrification,route-mile,25,2026-06-29,8,47,2026-11-30,16,6.9743589743589745,6.405794107272959,17600000.0,7616337.612978222,6859857.213299835,SIMULATED,SIMULATED
S2-2,S2,Electrification,route-mile,26,2026-07-06,8,47,2026-11-30,16,7.384615384615385,6.7837396339746014,17600000.0,8065692.318418875,6589626.161708159,SIMULATED,SIMULATED
S2-2,S2,Electrification,route-mile,27,2026-07-13,8,47,2026-11-30,16,7.794871794871795,7.147243830645089,17600000.0,8498049.57841286,6329720.661088763,SIMULATED,SIMULATED
S2-2,S2,Electrification,route-mile,28,2026-07-20,8,47,2026-11-30,16,8.205128205128204,7.487966803132551,17600000.0,8903593.337543422,6086103.735760226,SIMULATED,SIMULATED
S2-2,S2,Electrification,route-mile,29,2026-07-27,8,47,2026-11-30,16,8.615384615384615,7.847301441626573,17600000.0,9331043.027563708,5829179.469237,SIMULATED,SIMULATED
S2-2,S2,Electrification,route-mile,30,2026-08-03,8,47,2026-11-30,16,9.025641025641026,8.251834663099716,17600000.0,9811691.449750418,5539938.215883703,SIMULATED,SIMULATED
S2-3,S2,Stations,station,0,2026-01-05,4,44,2026-11-09,2,0.0,0.0,24000000.0,0.0,15600000.0,SIMULATED,SIMULATED
S2-3,S2,Stations,station,1,2026-01-12,4,44,2026-11-09,2,0.0,0.0,24000000.0,0.0,15600000.0,SIMULATED,SIMULATED
S2-3,S2,Stations,station,2,2026-01-19,4,44,2026-11-09,2,0.0,0.0,24000000.0,0.0,15600000.0,SIMULATED,SIMULATED
S2-3,S2,Stations,station,3,2026-01-26,4,44,2026-11-09,2,0.0,0.0,24000000.0,0.0,15600000.0,SIMULATED,SIMULATED
S2-3,S2,Stations,station,4,2026-02-02,4,44,2026-11-09,2,0.0,0.0,24000000.0,0.0,15600000.0,SIMULATED,SIMULATED
S2-3,S2,Stations,station,5,2026-02-09,4,44,2026-11-09,2,0.05,0.0,24000000.0,6000.0,15600000.0,SIMULATED,SIMULATED
S2-3,S2,Stations,station,6,2026-02-16,4,44,2026-11-09,2,0.1,0.0,24000000.0,12000.0,15600000.0,SIMULATED,SIMULATED
S2-3,S2,Stations,station,7,2026-02-23,4,44,2026-11-09,2,0.15,0.0,24000000.0,18000.0,15600000.0,SIMULATED,SIMULATED
S2-3,S2,Stations,station,8,2026-03-02,4,44,2026-11-09,2,0.2,0.0,24000000.0,24000.0,15600000.0,SIMULATED,SIMULATED
S2-3,S2,Stations,station,9,2026-03-09,4,44,2026-11-09,2,0.25,0.0,24000000.0,30000.0,15600000.0,SIMULATED,SIMULATED
S2-3,S2,Stations,station,10,2026-03-16,4,44,2026-11-09,2,0.3,0.0,24000000.0,36000.0,15600000.0,SIMULATED,SIMULATED
S2-3,S2,Stations,station,11,2026-03-23,4,44,2026-11-09,2,0.35,0.0,24000000.0,42000.0,15600000.0,SIMULATED,SIMULATED
S2-3,S2,Stations,station,12,2026-03-30,4,44,2026-11-09,2,0.4,0.0,24000000.0,48000.0,15600000.0,SIMULATED,SIMULATED
S2-3,S2,Stations,station,13,2026-04-06,4,44,2026-11-09,2,0.45,0.0,24000000.0,54000.0,15600000.0,SIMULATED,SIMULATED
S2-3,S2,Stations,station,14,2026-04-13,4,44,2026-11-09,2,0.5,0.0,24000000.0,60000.0,15600000.0,SIMULATED,SIMULATED
S2-3,S2,Stations,station,15,2026-04-20,4,44,2026-11-09,2,0.55,0.0,24000000.0,66000.0,15600000.0,SIMULATED,SIMULATED
S2-3,S2,Stations,station,16,2026-04-27,4,44,2026-11-09,2,0.6,0.0,24000000.0,72000.0,15600000.0,SIMULATED,SIMULATED
S2-3,S2,Stations,station,17,2026-05-04,4,44,2026-11-09,2,0.65,0.0,24000000.0,78000.0,15600000.0,SIMULATED,SIMULATED
S2-3,S2,Stations,station,18,2026-05-11,4,44,2026-11-09,2,0.7,0.0,24000000.0,84000.0,15600000.0,SIMULATED,SIMULATED
S2-3,S2,Stations,station,19,2026-05-18,4,44,2026-11-09,2,0.75,0.0,24000000.0,90000.0,15600000.0,SIMULATED,SIMULATED
S2-3,S2,Stations,station,20,2026-05-25,4,44,2026-11-09,2,0.8,0.0,24000000.0,96000.0,15600000.0,SIMULATED,SIMULATED
S2-3,S2,Stations,station,21,2026-06-01,4,44,2026-11-09,2,0.85,0.0,24000000.0,102000.0,15600000.0,SIMULATED,SIMULATED
S2-3,S2,Stations,station,22,2026-06-08,4,44,2026-11-09,2,0.9,0.0,24000000.0,108000.0,15600000.0,SIMULATED,SIMULATED
S2-3,S2,Stations,station,23,2026-06-15,4,44,2026-11-09,2,0.95,0.0,24000000.0,114000.0,15600000.0,SIMULATED,SIMULATED
S2-3,S2,Stations,station,24,2026-06-22,4,44,2026-11-09,2,1.0,0.0,24000000.0,120000.0,15600000.0,SIMULATED,SIMULATED
S2-3,S2,Stations,station,25,2026-06-29,4,44,2026-11-09,2,1.05,0.0,24000000.0,126000.0,15600000.0,SIMULATED,SIMULATED
S2-3,S2,Stations,station,26,2026-07-06,4,44,2026-11-09,2,1.1,1.0,24000000.0,12972000.0,7800000.0,SIMULATED,SIMULATED
S2-3,S2,Stations,station,27,2026-07-13,4,44,2026-11-09,2,1.15,1.0,24000000.0,12978000.0,7800000.0,SIMULATED,SIMULATED
S2-3,S2,Stations,station,28,2026-07-20,4,44,2026-11-09,2,1.2,1.0,24000000.0,12984000.0,7800000.0,SIMULATED,SIMULATED
S2-3,S2,Stations,station,29,2026-07-27,4,44,2026-11-09,2,1.25,1.0,24000000.0,12990000.0,7800000.0,SIMULATED,SIMULATED
S2-3,S2,Stations,station,30,2026-08-03,4,44,2026-11-09,2,1.3,1.0,24000000.0,12996000.0,7800000.0,SIMULATED,SIMULATED
S2-4,S2,Signaling,installation,0,2026-01-05,15,52,2027-01-04,4,0.0,0.0,8000000.0,0.0,5200000.0,SIMULATED,SIMULATED
S2-4,S2,Signaling,installation,1,2026-01-12,15,52,2027-01-04,4,0.0,0.0,8000000.0,0.0,5200000.0,SIMULATED,SIMULATED
S2-4,S2,Signaling,installation,2,2026-01-19,15,52,2027-01-04,4,0.0,0.0,8000000.0,0.0,5200000.0,SIMULATED,SIMULATED
S2-4,S2,Signaling,installation,3,2026-01-26,15,52,2027-01-04,4,0.0,0.0,8000000.0,0.0,5200000.0,SIMULATED,SIMULATED
S2-4,S2,Signaling,installation,4,2026-02-02,15,52,2027-01-04,4,0.0,0.0,8000000.0,0.0,5200000.0,SIMULATED,SIMULATED
S2-4,S2,Signaling,installation,5,2026-02-09,15,52,2027-01-04,4,0.0,0.0,8000000.0,0.0,5200000.0,SIMULATED,SIMULATED
S2-4,S2,Signaling,installation,6,2026-02-16,15,52,2027-01-04,4,0.0,0.0,8000000.0,0.0,5200000.0,SIMULATED,SIMULATED
S2-4,S2,Signaling,installation,7,2026-02-23,15,52,2027-01-04,4,0.0,0.0,8000000.0,0.0,5200000.0,SIMULATED,SIMULATED
S2-4,S2,Signaling,installation,8,2026-03-02,15,52,2027-01-04,4,0.0,0.0,8000000.0,0.0,5200000.0,SIMULATED,SIMULATED
S2-4,S2,Signaling,installation,9,2026-03-09,15,52,2027-01-04,4,0.0,0.0,8000000.0,0.0,5200000.0,SIMULATED,SIMULATED
S2-4,S2,Signaling,installation,10,2026-03-16,15,52,2027-01-04,4,0.0,0.0,8000000.0,0.0,5200000.0,SIMULATED,SIMULATED
S2-4,S2,Signaling,installation,11,2026-03-23,15,52,2027-01-04,4,0.0,0.0,8000000.0,0.0,5200000.0,SIMULATED,SIMULATED
S2-4,S2,Signaling,installation,12,2026-03-30,15,52,2027-01-04,4,0.0,0.0,8000000.0,0.0,5200000.0,SIMULATED,SIMULATED
S2-4,S2,Signaling,installation,13,2026-04-06,15,52,2027-01-04,4,0.0,0.0,8000000.0,0.0,5200000.0,SIMULATED,SIMULATED
S2-4,S2,Signaling,installation,14,2026-04-13,15,52,2027-01-04,4,0.0,0.0,8000000.0,0.0,5200000.0,SIMULATED,SIMULATED
S2-4,S2,Signaling,installation,15,2026-04-20,15,52,2027-01-04,4,0.0,0.0,8000000.0,0.0,5200000.0,SIMULATED,SIMULATED
S2-4,S2,Signaling,installation,16,2026-04-27,15,52,2027-01-04,4,0.10810810810810811,0.0,8000000.0,2162.162162162162,5200000.0,SIMULATED,SIMULATED
S2-4,S2,Signaling,installation,17,2026-05-04,15,52,2027-01-04,4,0.21621621621621623,0.0,8000000.0,4324.324324324324,5200000.0,SIMULATED,SIMULATED
S2-4,S2,Signaling,installation,18,2026-05-11,15,52,2027-01-04,4,0.32432432432432434,0.0,8000000.0,6486.486486486487,5200000.0,SIMULATED,SIMULATED
S2-4,S2,Signaling,installation,19,2026-05-18,15,52,2027-01-04,4,0.43243243243243246,0.0,8000000.0,8648.648648648648,5200000.0,SIMULATED,SIMULATED
S2-4,S2,Signaling,installation,20,2026-05-25,15,52,2027-01-04,4,0.5405405405405406,0.0,8000000.0,10810.810810810812,5200000.0,SIMULATED,SIMULATED
S2-4,S2,Signaling,installation,21,2026-06-01,15,52,2027-01-04,4,0.6486486486486487,0.0,8000000.0,12972.972972972973,5200000.0,SIMULATED,SIMULATED
S2-4,S2,Signaling,installation,22,2026-06-08,15,52,2027-01-04,4,0.7567567567567568,0.0,8000000.0,15135.135135135137,5200000.0,SIMULATED,SIMULATED
S2-4,S2,Signaling,installation,23,2026-06-15,15,52,2027-01-04,4,0.8648648648648649,0.0,8000000.0,17297.297297297297,5200000.0,SIMULATED,SIMULATED
S2-4,S2,Signaling,installation,24,2026-06-22,15,52,2027-01-04,4,0.972972972972973,0.0,8000000.0,19459.45945945946,5200000.0,SIMULATED,SIMULATED
S2-4,S2,Signaling,installation,25,2026-06-29,15,52,2027-01-04,4,1.0810810810810811,1.0,8000000.0,2161621.621621622,3900000.0,SIMULATED,SIMULATED
S2-4,S2,Signaling,installation,26,2026-07-06,15,52,2027-01-04,4,1.1891891891891893,1.0,8000000.0,2163783.7837837837,3900000.0,SIMULATED,SIMULATED
S2-4,S2,Signaling,installation,27,2026-07-13,15,52,2027-01-04,4,1.2972972972972974,1.0,8000000.0,2165945.945945946,3900000.0,SIMULATED,SIMULATED
S2-4,S2,Signaling,installation,28,2026-07-20,15,52,2027-01-04,4,1.4054054054054055,1.0,8000000.0,2168108.108108108,3900000.0,SIMULATED,SIMULATED
S2-4,S2,Signaling,installation,29,2026-07-27,15,52,2027-01-04,4,1.5135135135135136,1.0,8000000.0,2170270.2702702703,3900000.0,SIMULATED,SIMULATED
S2-4,S2,Signaling,installation,30,2026-08-03,15,52,2027-01-04,4,1.6216216216216217,1.0,8000000.0,2172432.4324324327,3900000.0,SIMULATED,SIMULATED
S3-1,S3,Track,route-mile,0,2026-01-05,0,40,2026-10-12,20,0.0,0.0,32000000.0,0.0,20800000.0,SIMULATED,SIMULATED
S3-1,S3,Track,route-mile,1,2026-01-12,0,40,2026-10-12,20,0.5,0.3877052988771405,32000000.0,764800.7434081783,20396786.489167772,SIMULATED,SIMULATED
S3-1,S3,Track,route-mile,2,2026-01-19,0,40,2026-10-12,20,1.0,0.7265978698577353,32000000.0,1434319.0419622993,20044338.215347957,SIMULATED,SIMULATED
S3-1,S3,Track,route-mile,3,2026-01-26,0,40,2026-10-12,20,1.5,1.1086570088526302,32000000.0,2188098.481280334,19646996.710793264,SIMULATED,SIMULATED
S3-1,S3,Track,route-mile,4,2026-02-02,0,40,2026-10-12,20,2.0,1.4654491569854406,32000000.0,2892556.75443558,19275932.876735143,SIMULATED,SIMULATED
S3-1,S3,Track,route-mile,5,2026-02-09,0,40,2026-10-12,20,2.5,1.810397866142351,32000000.0,3573896.6347098686,18917186.219211955,SIMULATED,SIMULATED
S3-1,S3,Track,route-mile,6,2026-02-16,0,40,2026-10-12,20,3.0,2.184058761422123,32000000.0,4311282.702295984,18528578.888120994,SIMULATED,SIMULATED
S3-1,S3,Track,route-mile,7,2026-02-23,0,40,2026-10-12,20,3.5,2.551238147605863,32000000.0,5036016.864126645,18146712.326489903,SIMULATED,SIMULATED
S3-1,S3,Track,route-mile,8,2026-03-02,0,40,2026-10-12,20,4.0,2.926942055244896,32000000.0,5777390.8918380365,17755980.262545306,SIMULATED,SIMULATED
S3-1,S3,Track,route-mile,9,2026-03-09,0,40,2026-10-12,20,4.5,3.3074439569347445,32000000.0,6528130.603936621,17360258.284787863,SIMULATED,SIMULATED
S3-1,S3,Track,route-mile,10,2026-03-16,0,40,2026-10-12,20,5.0,3.6773454526745337,32000000.0,7258178.323620689,16975560.729218487,SIMULATED,SIMULATED
S3-1,S3,Track,route-mile,11,2026-03-23,0,40,2026-10-12,20,5.5,4.07732660502503,32000000.0,8046941.533008859,16559580.330773968,SIMULATED,SIMULATED
S3-1,S3,Track,route-mile,12,2026-03-30,0,40,2026-10-12,20,6.0,4.423492255705964,32000000.0,8730656.883138042,16199568.054065797,SIMULATED,SIMULATED
S3-1,S3,Track,route-mile,13,2026-04-06,0,40,2026-10-12,20,6.5,4.777862837732662,32000000.0,9430388.259254154,15831022.648758031,SIMULATED,SIMULATED
S3-1,S3,Track,route-mile,14,2026-04-13,0,40,2026-10-12,20,7.0,5.137223239179988,32000000.0,10139859.762879338,15457287.831252811,SIMULATED,SIMULATED
S3-1,S3,Track,route-mile,15,2026-04-20,0,40,2026-10-12,20,7.5,5.527527508665809,32000000.0,10909733.69691566,15051371.39098756,SIMULATED,SIMULATED
S3-1,S3,Track,route-mile,16,2026-04-27,0,40,2026-10-12,20,8.0,5.9087827693138895,32000000.0,11661943.965700714,14654865.919913555,SIMULATED,SIMULATED
S3-1,S3,Track,route-mile,17,2026-05-04,0,40,2026-10-12,20,8.5,6.257058047638537,32000000.0,12349777.308990426,14292659.63045592,SIMULATED,SIMULATED
S3-1,S3,Track,route-mile,18,2026-05-11,0,40,2026-10-12,20,9.0,6.645146747542487,32000000.0,13115326.451202935,13889047.382555814,SIMULATED,SIMULATED
S3-1,S3,Track,route-mile,19,2026-05-18,0,40,2026-10-12,20,9.5,7.035240488347586,32000000.0,13884789.433254488,13483349.892118508,SIMULATED,SIMULATED
S3-1,S3,Track,route-mile,20,2026-05-25,0,40,2026-10-12,20,10.0,7.425238356799948,32000000.0,14654065.272473497,13077752.108928053,SIMULATED,SIMULATED
S3-1,S3,Track,route-mile,21,2026-06-01,0,40,2026-10-12,20,10.5,7.76403795176419,32000000.0,15323402.081843698,12725400.53016524,SIMULATED,SIMULATED
S3-1,S3,Track,route-mile,22,2026-06-08,0,40,2026-10-12,20,11.0,8.112736248777297,32000000.0,16012061.157613283,12362754.301271612,SIMULATED,SIMULATED
S3-1,S3,Track,route-mile,23,2026-06-15,0,40,2026-10-12,20,11.5,8.511994740785111,32000000.0,16799413.734012537,11947525.469583485,SIMULATED,SIMULATED
S3-1,S3,Track,route-mile,24,2026-06-22,0,40,2026-10-12,20,12.0,8.910072713215618,32000000.0,17584461.936196886,11533524.378255758,SIMULATED,SIMULATED
S3-1,S3,Track,route-mile,25,2026-06-29,0,40,2026-10-12,20,12.5,9.258285089877772,32000000.0,18272172.49544141,11171383.506527118,SIMULATED,SIMULATED
S3-1,S3,Track,route-mile,26,2026-07-06,0,40,2026-10-12,20,13.0,9.632086888593062,32000000.0,19009833.606533654,10782629.635863217,SIMULATED,SIMULATED
S3-1,S3,Track,route-mile,27,2026-07-13,0,40,2026-10-12,20,13.5,9.98452544971819,32000000.0,19705793.677849904,10416093.532293083,SIMULATED,SIMULATED
S3-1,S3,Track,route-mile,28,2026-07-20,0,40,2026-10-12,20,14.0,10.348330522814082,32000000.0,20423941.18053309,10037736.256273355,SIMULATED,SIMULATED
S3-1,S3,Track,route-mile,29,2026-07-27,0,40,2026-10-12,20,14.5,10.682880441282101,32000000.0,21084982.62138266,9689804.341066616,SIMULATED,SIMULATED
S3-1,S3,Track,route-mile,30,2026-08-03,0,40,2026-10-12,20,15.0,11.036730698800621,32000000.0,21783698.32405881,9321800.073247354,SIMULATED,SIMULATED
S3-2,S3,Electrification,route-mile,0,2026-01-05,8,47,2026-11-30,20,0.0,0.0,22000000.0,0.0,14300000.0,SIMULATED,SIMULATED
S3-2,S3,Electrification,route-mile,1,2026-01-12,8,47,2026-11-30,20,0.0,0.0,22000000.0,0.0,14300000.0,SIMULATED,SIMULATED
S3-2,S3,Electrification,route-mile,2,2026-01-19,8,47,2026-11-30,20,0.0,0.0,22000000.0,0.0,14300000.0,SIMULATED,SIMULATED
S3-2,S3,Electrification,route-mile,3,2026-01-26,8,47,2026-11-30,20,0.0,0.0,22000000.0,0.0,14300000.0,SIMULATED,SIMULATED
S3-2,S3,Electrification,route-mile,4,2026-02-02,8,47,2026-11-30,20,0.0,0.0,22000000.0,0.0,14300000.0,SIMULATED,SIMULATED
S3-2,S3,Electrification,route-mile,5,2026-02-09,8,47,2026-11-30,20,0.0,0.0,22000000.0,0.0,14300000.0,SIMULATED,SIMULATED
S3-2,S3,Electrification,route-mile,6,2026-02-16,8,47,2026-11-30,20,0.0,0.0,22000000.0,0.0,14300000.0,SIMULATED,SIMULATED
S3-2,S3,Electrification,route-mile,7,2026-02-23,8,47,2026-11-30,20,0.0,0.0,22000000.0,0.0,14300000.0,SIMULATED,SIMULATED
S3-2,S3,Electrification,route-mile,8,2026-03-02,8,47,2026-11-30,20,0.0,0.0,22000000.0,0.0,14300000.0,SIMULATED,SIMULATED
S3-2,S3,Electrification,route-mile,9,2026-03-09,8,47,2026-11-30,20,0.5128205128205128,0.3475991499884281,22000000.0,472119.08492549614,14051466.607758274,SIMULATED,SIMULATED
S3-2,S3,Electrification,route-mile,10,2026-03-16,8,47,2026-11-30,20,1.0256410256410255,0.7424453346830284,22000000.0,1007643.6904266755,13769151.585701637,SIMULATED,SIMULATED
S3-2,S3,Electrification,route-mile,11,2026-03-23,8,47,2026-11-30,20,1.5384615384615385,1.1131626723133832,22000000.0,1510787.3831676373,13504088.68929593,SIMULATED,SIMULATED
S3-2,S3,Electrification,route-mile,12,2026-03-30,8,47,2026-11-30,20,2.051282051282051,1.4539737202040313,22000000.0,1973796.8350779123,13260408.790054118,SIMULATED,SIMULATED
S3-2,S3,Electrification,route-mile,13,2026-04-06,8,47,2026-11-30,20,2.564102564102564,1.8130036536421201,22000000.0,2461256.0313928532,13003702.387645885,SIMULATED,SIMULATED
S3-2,S3,Electrification,route-mile,14,2026-04-13,8,47,2026-11-30,20,3.076923076923077,2.1767966638595295,22000000.0,2955107.276745643,12743590.385340435,SIMULATED,SIMULATED
S3-2,S3,Electrification,route-mile,15,2026-04-20,8,47,2026-11-30,20,3.58974358974359,2.551112625646142,22000000.0,3463080.323104302,12475954.47266301,SIMULATED,SIMULATED
S3-2,S3,Electrification,route-mile,16,2026-04-27,8,47,2026-11-30,20,4.102564102564102,2.9177845182135544,22000000.0,3960795.0285707945,12213784.06947731,SIMULATED,SIMULATED
S3-2,S3,Electrification,route-mile,17,2026-05-04,8,47,2026-11-30,20,4.615384615384616,3.2763356176286744,22000000.0,4447611.629626912,11957420.033395499,SIMULATED,SIMULATED
S3-2,S3,Electrification,route-mile,18,2026-05-11,8,47,2026-11-30,20,5.128205128205128,3.626857397686641,22000000.0,4923652.884105729,11706796.960654054,SIMULATED,SIMULATED
S3-2,S3,Electrification,route-mile,19,2026-05-18,8,47,2026-11-30,20,5.6410256410256405,3.9966296695894985,22000000.0,5425528.298640389,11442409.78624351,SIMULATED,SIMULATED
S3-2,S3,Electrification,route-mile,20,2026-05-25,8,47,2026-11-30,20,6.153846153846154,4.395607214462492,22000000.0,5966597.189500973,11157140.841659319,SIMULATED,SIMULATED
S3-2,S3,Electrification,route-mile,21,2026-06-01,8,47,2026-11-30,20,6.666666666666666,4.763775618513771,22000000.0,6466320.213378813,10893900.432762654,SIMULATED,SIMULATED
S3-2,S3,Electrification,route-mile,22,2026-06-08,8,47,2026-11-30,20,7.17948717948718,5.156281611234672,22000000.0,6998704.281251288,10613258.64796721,SIMULATED,SIMULATED
S3-2,S3,Electrification,route-mile,23,2026-06-15,8,47,2026-11-30,20,7.6923076923076925,5.48527130743513,22000000.0,7445849.479193329,10378031.015183883,SIMULATED,SIMULATED
S3-2,S3,Electrification,route-mile,24,2026-06-22,8,47,2026-11-30,20,8.205128205128204,5.827946219739279,22000000.0,7911360.237146524,10133018.452886416,SIMULATED,SIMULATED
S3-2,S3,Electrification,route-mile,25,2026-06-29,8,47,2026-11-30,20,8.717948717948719,6.218831468201955,22000000.0,8441569.266224459,9853535.500235602,SIMULATED,SIMULATED
S3-2,S3,Electrification,route-mile,26,2026-07-06,8,47,2026-11-30,20,9.230769230769232,6.588201062666067,22000000.0,8942904.287636323,9589436.240193764,SIMULATED,SIMULATED
S3-2,S3,Electrification,route-mile,27,2026-07-13,8,47,2026-11-30,20,9.743589743589743,6.951602217441836,22000000.0,9436229.662986433,9329604.414529087,SIMULATED,SIMULATED
S3-2,S3,Electrification,route-mile,28,2026-07-20,8,47,2026-11-30,20,10.256410256410255,7.306350788383295,22000000.0,9917943.270830892,9075959.186305944,SIMULATED,SIMULATED
S3-2,S3,Electrification,route-mile,29,2026-07-27,8,47,2026-11-30,20,10.769230769230768,7.65574122555629,22000000.0,10392466.263158077,8826145.023727253,SIMULATED,SIMULATED
S3-2,S3,Electrification,route-mile,30,2026-08-03,8,47,2026-11-30,20,11.282051282051281,8.033078731963638,22000000.0,10904494.222397765,8556348.706645997,SIMULATED,SIMULATED
S3-3,S3,Stations,station,0,2026-01-05,4,44,2026-11-09,2,0.0,0.0,24000000.0,0.0,15600000.0,SIMULATED,SIMULATED
S3-3,S3,Stations,station,1,2026-01-12,4,44,2026-11-09,2,0.0,0.0,24000000.0,0.0,15600000.0,SIMULATED,SIMULATED
S3-3,S3,Stations,station,2,2026-01-19,4,44,2026-11-09,2,0.0,0.0,24000000.0,0.0,15600000.0,SIMULATED,SIMULATED
S3-3,S3,Stations,station,3,2026-01-26,4,44,2026-11-09,2,0.0,0.0,24000000.0,0.0,15600000.0,SIMULATED,SIMULATED
S3-3,S3,Stations,station,4,2026-02-02,4,44,2026-11-09,2,0.0,0.0,24000000.0,0.0,15600000.0,SIMULATED,SIMULATED
S3-3,S3,Stations,station,5,2026-02-09,4,44,2026-11-09,2,0.05,0.0,24000000.0,6000.0,15600000.0,SIMULATED,SIMULATED
S3-3,S3,Stations,station,6,2026-02-16,4,44,2026-11-09,2,0.1,0.0,24000000.0,12000.0,15600000.0,SIMULATED,SIMULATED
S3-3,S3,Stations,station,7,2026-02-23,4,44,2026-11-09,2,0.15,0.0,24000000.0,18000.0,15600000.0,SIMULATED,SIMULATED
S3-3,S3,Stations,station,8,2026-03-02,4,44,2026-11-09,2,0.2,0.0,24000000.0,24000.0,15600000.0,SIMULATED,SIMULATED
S3-3,S3,Stations,station,9,2026-03-09,4,44,2026-11-09,2,0.25,0.0,24000000.0,30000.0,15600000.0,SIMULATED,SIMULATED
S3-3,S3,Stations,station,10,2026-03-16,4,44,2026-11-09,2,0.3,0.0,24000000.0,36000.0,15600000.0,SIMULATED,SIMULATED
S3-3,S3,Stations,station,11,2026-03-23,4,44,2026-11-09,2,0.35,0.0,24000000.0,42000.0,15600000.0,SIMULATED,SIMULATED
S3-3,S3,Stations,station,12,2026-03-30,4,44,2026-11-09,2,0.4,0.0,24000000.0,48000.0,15600000.0,SIMULATED,SIMULATED
S3-3,S3,Stations,station,13,2026-04-06,4,44,2026-11-09,2,0.45,0.0,24000000.0,54000.0,15600000.0,SIMULATED,SIMULATED
S3-3,S3,Stations,station,14,2026-04-13,4,44,2026-11-09,2,0.5,0.0,24000000.0,60000.0,15600000.0,SIMULATED,SIMULATED
S3-3,S3,Stations,station,15,2026-04-20,4,44,2026-11-09,2,0.55,0.0,24000000.0,66000.0,15600000.0,SIMULATED,SIMULATED
S3-3,S3,Stations,station,16,2026-04-27,4,44,2026-11-09,2,0.6,0.0,24000000.0,72000.0,15600000.0,SIMULATED,SIMULATED
S3-3,S3,Stations,station,17,2026-05-04,4,44,2026-11-09,2,0.65,0.0,24000000.0,78000.0,15600000.0,SIMULATED,SIMULATED
S3-3,S3,Stations,station,18,2026-05-11,4,44,2026-11-09,2,0.7,0.0,24000000.0,84000.0,15600000.0,SIMULATED,SIMULATED
S3-3,S3,Stations,station,19,2026-05-18,4,44,2026-11-09,2,0.75,0.0,24000000.0,90000.0,15600000.0,SIMULATED,SIMULATED
S3-3,S3,Stations,station,20,2026-05-25,4,44,2026-11-09,2,0.8,0.0,24000000.0,96000.0,15600000.0,SIMULATED,SIMULATED
S3-3,S3,Stations,station,21,2026-06-01,4,44,2026-11-09,2,0.85,0.0,24000000.0,102000.0,15600000.0,SIMULATED,SIMULATED
S3-3,S3,Stations,station,22,2026-06-08,4,44,2026-11-09,2,0.9,0.0,24000000.0,108000.0,15600000.0,SIMULATED,SIMULATED
S3-3,S3,Stations,station,23,2026-06-15,4,44,2026-11-09,2,0.95,0.0,24000000.0,114000.0,15600000.0,SIMULATED,SIMULATED
S3-3,S3,Stations,station,24,2026-06-22,4,44,2026-11-09,2,1.0,0.0,24000000.0,120000.0,15600000.0,SIMULATED,SIMULATED
S3-3,S3,Stations,station,25,2026-06-29,4,44,2026-11-09,2,1.05,0.0,24000000.0,126000.0,15600000.0,SIMULATED,SIMULATED
S3-3,S3,Stations,station,26,2026-07-06,4,44,2026-11-09,2,1.1,0.0,24000000.0,132000.0,15600000.0,SIMULATED,SIMULATED
S3-3,S3,Stations,station,27,2026-07-13,4,44,2026-11-09,2,1.15,0.0,24000000.0,138000.0,15600000.0,SIMULATED,SIMULATED
S3-3,S3,Stations,station,28,2026-07-20,4,44,2026-11-09,2,1.2,0.0,24000000.0,144000.0,15600000.0,SIMULATED,SIMULATED
S3-3,S3,Stations,station,29,2026-07-27,4,44,2026-11-09,2,1.25,0.0,24000000.0,150000.0,15600000.0,SIMULATED,SIMULATED
S3-3,S3,Stations,station,30,2026-08-03,4,44,2026-11-09,2,1.3,0.0,24000000.0,156000.0,15600000.0,SIMULATED,SIMULATED
S3-4,S3,Signaling,installation,0,2026-01-05,15,52,2027-01-04,4,0.0,0.0,8000000.0,0.0,5200000.0,SIMULATED,SIMULATED
S3-4,S3,Signaling,installation,1,2026-01-12,15,52,2027-01-04,4,0.0,0.0,8000000.0,0.0,5200000.0,SIMULATED,SIMULATED
S3-4,S3,Signaling,installation,2,2026-01-19,15,52,2027-01-04,4,0.0,0.0,8000000.0,0.0,5200000.0,SIMULATED,SIMULATED
S3-4,S3,Signaling,installation,3,2026-01-26,15,52,2027-01-04,4,0.0,0.0,8000000.0,0.0,5200000.0,SIMULATED,SIMULATED
S3-4,S3,Signaling,installation,4,2026-02-02,15,52,2027-01-04,4,0.0,0.0,8000000.0,0.0,5200000.0,SIMULATED,SIMULATED
S3-4,S3,Signaling,installation,5,2026-02-09,15,52,2027-01-04,4,0.0,0.0,8000000.0,0.0,5200000.0,SIMULATED,SIMULATED
S3-4,S3,Signaling,installation,6,2026-02-16,15,52,2027-01-04,4,0.0,0.0,8000000.0,0.0,5200000.0,SIMULATED,SIMULATED
S3-4,S3,Signaling,installation,7,2026-02-23,15,52,2027-01-04,4,0.0,0.0,8000000.0,0.0,5200000.0,SIMULATED,SIMULATED
S3-4,S3,Signaling,installation,8,2026-03-02,15,52,2027-01-04,4,0.0,0.0,8000000.0,0.0,5200000.0,SIMULATED,SIMULATED
S3-4,S3,Signaling,installation,9,2026-03-09,15,52,2027-01-04,4,0.0,0.0,8000000.0,0.0,5200000.0,SIMULATED,SIMULATED
S3-4,S3,Signaling,installation,10,2026-03-16,15,52,2027-01-04,4,0.0,0.0,8000000.0,0.0,5200000.0,SIMULATED,SIMULATED
S3-4,S3,Signaling,installation,11,2026-03-23,15,52,2027-01-04,4,0.0,0.0,8000000.0,0.0,5200000.0,SIMULATED,SIMULATED
S3-4,S3,Signaling,installation,12,2026-03-30,15,52,2027-01-04,4,0.0,0.0,8000000.0,0.0,5200000.0,SIMULATED,SIMULATED
S3-4,S3,Signaling,installation,13,2026-04-06,15,52,2027-01-04,4,0.0,0.0,8000000.0,0.0,5200000.0,SIMULATED,SIMULATED
S3-4,S3,Signaling,installation,14,2026-04-13,15,52,2027-01-04,4,0.0,0.0,8000000.0,0.0,5200000.0,SIMULATED,SIMULATED
S3-4,S3,Signaling,installation,15,2026-04-20,15,52,2027-01-04,4,0.0,0.0,8000000.0,0.0,5200000.0,SIMULATED,SIMULATED
S3-4,S3,Signaling,installation,16,2026-04-27,15,52,2027-01-04,4,0.10810810810810811,0.0,8000000.0,2162.162162162162,5200000.0,SIMULATED,SIMULATED
S3-4,S3,Signaling,installation,17,2026-05-04,15,52,2027-01-04,4,0.21621621621621623,0.0,8000000.0,4324.324324324324,5200000.0,SIMULATED,SIMULATED
S3-4,S3,Signaling,installation,18,2026-05-11,15,52,2027-01-04,4,0.32432432432432434,0.0,8000000.0,6486.486486486487,5200000.0,SIMULATED,SIMULATED
S3-4,S3,Signaling,installation,19,2026-05-18,15,52,2027-01-04,4,0.43243243243243246,0.0,8000000.0,8648.648648648648,5200000.0,SIMULATED,SIMULATED
S3-4,S3,Signaling,installation,20,2026-05-25,15,52,2027-01-04,4,0.5405405405405406,0.0,8000000.0,10810.810810810812,5200000.0,SIMULATED,SIMULATED
S3-4,S3,Signaling,installation,21,2026-06-01,15,52,2027-01-04,4,0.6486486486486487,0.0,8000000.0,12972.972972972973,5200000.0,SIMULATED,SIMULATED
S3-4,S3,Signaling,installation,22,2026-06-08,15,52,2027-01-04,4,0.7567567567567568,0.0,8000000.0,15135.135135135137,5200000.0,SIMULATED,SIMULATED
S3-4,S3,Signaling,installation,23,2026-06-15,15,52,2027-01-04,4,0.8648648648648649,0.0,8000000.0,17297.297297297297,5200000.0,SIMULATED,SIMULATED
S3-4,S3,Signaling,installation,24,2026-06-22,15,52,2027-01-04,4,0.972972972972973,0.0,8000000.0,19459.45945945946,5200000.0,SIMULATED,SIMULATED
S3-4,S3,Signaling,installation,25,2026-06-29,15,52,2027-01-04,4,1.0810810810810811,0.0,8000000.0,21621.621621621623,5200000.0,SIMULATED,SIMULATED
S3-4,S3,Signaling,installation,26,2026-07-06,15,52,2027-01-04,4,1.1891891891891893,0.0,8000000.0,23783.783783783783,5200000.0,SIMULATED,SIMULATED
S3-4,S3,Signaling,installation,27,2026-07-13,15,52,2027-01-04,4,1.2972972972972974,0.0,8000000.0,25945.945945945947,5200000.0,SIMULATED,SIMULATED
S3-4,S3,Signaling,installation,28,2026-07-20,15,52,2027-01-04,4,1.4054054054054055,1.0,8000000.0,2468108.108108108,3900000.0,SIMULATED,SIMULATED
S3-4,S3,Signaling,installation,29,2026-07-27,15,52,2027-01-04,4,1.5135135135135136,1.0,8000000.0,2470270.2702702703,3900000.0,SIMULATED,SIMULATED
S3-4,S3,Signaling,installation,30,2026-08-03,15,52,2027-01-04,4,1.6216216216216217,1.0,8000000.0,2472432.4324324327,3900000.0,SIMULATED,SIMULATED
S4-1,S4,Track,route-mile,0,2026-01-05,0,40,2026-10-12,14,0.0,0.0,22400000.0,0.0,14560000.0,SIMULATED,SIMULATED
S4-1,S4,Track,route-mile,1,2026-01-12,0,40,2026-10-12,14,0.35000000000000003,0.3128478154567254,22400000.0,556212.1552038369,14234638.271925006,SIMULATED,SIMULATED
S4-1,S4,Track,route-mile,2,2026-01-19,0,40,2026-10-12,14,0.7000000000000001,0.647651756077865,22400000.0,1151067.0906970424,13886442.17367902,SIMULATED,SIMULATED
S4-1,S4,Track,route-mile,3,2026-01-26,0,40,2026-10-12,14,1.05,0.9451772428465368,22400000.0,1680311.947409905,13577015.667439604,SIMULATED,SIMULATED
S4-1,S4,Track,route-mile,4,2026-02-02,0,40,2026-10-12,14,1.4000000000000001,1.2392231145358463,22400000.0,2203432.6815830898,13271207.960882721,SIMULATED,SIMULATED
S4-1,S4,Track,route-mile,5,2026-02-09,0,40,2026-10-12,14,1.75,1.5703015670876066,22400000.0,2791730.7580741877,12926886.37022889,SIMULATED,SIMULATED
S4-1,S4,Track,route-mile,6,2026-02-16,0,40,2026-10-12,14,2.1,1.9135192131307763,22400000.0,3401393.815110167,12569940.018343993,SIMULATED,SIMULATED
S4-1,S4,Track,route-mile,7,2026-02-23,0,40,2026-10-12,14,2.4499999999999997,2.2562040171021316,22400000.0,4010119.070099752,12213547.822213784,SIMULATED,SIMULATED
S4-1,S4,Track,route-mile,8,2026-03-02,0,40,2026-10-12,14,2.8000000000000003,2.5901140791078325,22400000.0,4603400.779229786,11866281.357727854,SIMULATED,SIMULATED
S4-1,S4,Track,route-mile,9,2026-03-09,0,40,2026-10-12,14,3.15,2.939417316123226,22400000.0,5223774.476376877,11503005.991231846,SIMULATED,SIMULATED
S4-1,S4,Track,route-mile,10,2026-03-16,0,40,2026-10-12,14,3.5,3.2593245833130586,22400000.0,5792411.266630984,11170302.433354419,SIMULATED,SIMULATED
S4-1,S4,Track,route-mile,11,2026-03-23,0,40,2026-10-12,14,3.8500000000000005,3.595308244151597,22400000.0,6389342.509706811,10820879.42608234,SIMULATED,SIMULATED
S4-1,S4,Track,route-mile,12,2026-03-30,0,40,2026-10-12,14,4.2,3.908532446722118,22400000.0,6946217.106230928,10495126.255408997,SIMULATED,SIMULATED
S4-1,S4,Track,route-mile,13,2026-04-06,0,40,2026-10-12,14,4.55,4.217684832303394,22400000.0,7495925.304853975,10173607.77440447,SIMULATED,SIMULATED
S4-1,S4,Track,route-mile,14,2026-04-13,0,40,2026-10-12,14,4.8999999999999995,4.562354199574367,22400000.0,8108143.391250886,9815151.632442659,SIMULATED,SIMULATED
S4-1,S4,Track,route-mile,15,2026-04-20,0,40,2026-10-12,14,5.25,4.876440235712911,22400000.0,8666534.814854724,9488502.154858574,SIMULATED,SIMULATED
S4-1,S4,Track,route-mile,16,2026-04-27,0,40,2026-10-12,14,5.6000000000000005,5.2106404407671825,22400000.0,9260327.175750243,9140933.94160213,SIMULATED,SIMULATED
S4-1,S4,Track,route-mile,17,2026-05-04,0,40,2026-10-12,14,5.95,5.528950781387299,22400000.0,9826153.375241647,8809891.187357208,SIMULATED,SIMULATED
S4-1,S4,Track,route-mile,18,2026-05-11,0,40,2026-10-12,14,6.3,5.8227487446504504,22400000.0,10348837.790584793,8504341.305563532,SIMULATED,SIMULATED
S4-1,S4,Track,route-mile,19,2026-05-18,0,40,2026-10-12,14,6.6499999999999995,6.117480750813098,22400000.0,10873166.121431053,8197820.019154379,SIMULATED,SIMULATED
S4-1,S4,Track,route-mile,20,2026-05-25,0,40,2026-10-12,14,7.0,6.4366255595621285,22400000.0,11440460.984829346,7865909.418055387,SIMULATED,SIMULATED
S4-1,S4,Track,route-mile,21,2026-06-01,0,40,2026-10-12,14,7.3500000000000005,6.768354641658382,22400000.0,12029904.169318754,7520911.172675285,SIMULATED,SIMULATED
S4-1,S4,Track,route-mile,22,2026-06-08,0,40,2026-10-12,14,7.700000000000001,7.102300885941967,22400000.0,12623249.559257863,7173607.078620355,SIMULATED,SIMULATED
S4-1,S4,Track,route-mile,23,2026-06-15,0,40,2026-10-12,14,8.049999999999999,7.410334790168017,22400000.0,13170989.230695711,6853251.818225263,SIMULATED,SIMULATED
S4-1,S4,Track,route-mile,24,2026-06-22,0,40,2026-10-12,14,8.4,7.697571509082398,22400000.0,13682125.855985023,6554525.630554305,SIMULATED,SIMULATED
S4-1,S4,Track,route-mile,25,2026-06-29,0,40,2026-10-12,14,8.75,8.018196313432684,22400000.0,14252025.511641523,6221075.83403001,SIMULATED,SIMULATED
S4-1,S4,Track,route-mile,26,2026-07-06,0,40,2026-10-12,14,9.1,8.316921730814943,22400000.0,14783382.246234301,5910401.39995246,SIMULATED,SIMULATED
S4-1,S4,Track,route-mile,27,2026-07-13,0,40,2026-10-12,14,9.450000000000001,8.623963372745811,22400000.0,15329375.53603263,5591078.092344356,SIMULATED,SIMULATED
S4-1,S4,Track,route-mile,28,2026-07-20,0,40,2026-10-12,14,9.799999999999999,8.946696182784263,22400000.0,15902985.281700308,5255435.969904366,SIMULATED,SIMULATED
S4-1,S4,Track,route-mile,29,2026-07-27,0,40,2026-10-12,14,10.15,9.258305943120462,22400000.0,16457018.459892014,4931361.819154721,SIMULATED,SIMULATED
S4-1,S4,Track,route-mile,30,2026-08-03,0,40,2026-10-12,14,10.5,9.574194347355474,22400000.0,17018582.051345635,4602837.8787503075,SIMULATED,SIMULATED
S4-2,S4,Electrification,route-mile,0,2026-01-05,8,47,2026-11-30,14,0.0,0.0,15400000.0,0.0,10010000.0,SIMULATED,SIMULATED
S4-2,S4,Electrification,route-mile,1,2026-01-12,8,47,2026-11-30,14,0.0,0.0,15400000.0,0.0,10010000.0,SIMULATED,SIMULATED
S4-2,S4,Electrification,route-mile,2,2026-01-19,8,47,2026-11-30,14,0.0,0.0,15400000.0,0.0,10010000.0,SIMULATED,SIMULATED
S4-2,S4,Electrification,route-mile,3,2026-01-26,8,47,2026-11-30,14,0.0,0.0,15400000.0,0.0,10010000.0,SIMULATED,SIMULATED
S4-2,S4,Electrification,route-mile,4,2026-02-02,8,47,2026-11-30,14,0.0,0.0,15400000.0,0.0,10010000.0,SIMULATED,SIMULATED
S4-2,S4,Electrification,route-mile,5,2026-02-09,8,47,2026-11-30,14,0.0,0.0,15400000.0,0.0,10010000.0,SIMULATED,SIMULATED
S4-2,S4,Electrification,route-mile,6,2026-02-16,8,47,2026-11-30,14,0.0,0.0,15400000.0,0.0,10010000.0,SIMULATED,SIMULATED
S4-2,S4,Electrification,route-mile,7,2026-02-23,8,47,2026-11-30,14,0.0,0.0,15400000.0,0.0,10010000.0,SIMULATED,SIMULATED
S4-2,S4,Electrification,route-mile,8,2026-03-02,8,47,2026-11-30,14,0.0,0.0,15400000.0,0.0,10010000.0,SIMULATED,SIMULATED
S4-2,S4,Electrification,route-mile,9,2026-03-09,8,47,2026-11-30,14,0.358974358974359,0.285404785256848,15400000.0,349288.50810950407,9805935.578541353,SIMULATED,SIMULATED
S4-2,S4,Electrification,route-mile,10,2026-03-16,8,47,2026-11-30,14,0.717948717948718,0.579123512075117,15400000.0,708636.8855083275,9595926.688866291,SIMULATED,SIMULATED
S4-2,S4,Electrification,route-mile,11,2026-03-23,8,47,2026-11-30,14,1.076923076923077,0.9141672030880378,15400000.0,1117988.4695826794,9356370.449792054,SIMULATED,SIMULATED
S4-2,S4,Electrification,route-mile,12,2026-03-30,8,47,2026-11-30,14,1.435897435897436,1.228512406212389,15400000.0,1502294.8833118628,9131613.629558142,SIMULATED,SIMULATED
S4-2,S4,Electrification,route-mile,13,2026-04-06,8,47,2026-11-30,14,1.7948717948717947,1.5662669887342866,15400000.0,1914926.6461120767,8890119.103054985,SIMULATED,SIMULATED
S4-2,S4,Electrification,route-mile,14,2026-04-13,8,47,2026-11-30,14,2.153846153846154,1.902276907509894,15400000.0,2325447.3657792797,8649872.011130426,SIMULATED,SIMULATED
S4-2,S4,Electrification,route-mile,15,2026-04-20,8,47,2026-11-30,14,2.5128205128205128,2.196632528385714,15400000.0,2685566.3849877394,8439407.742204214,SIMULATED,SIMULATED
S4-2,S4,Electrification,route-mile,16,2026-04-27,8,47,2026-11-30,14,2.871794871794872,2.5039352421419077,15400000.0,3061351.386581452,8219686.301868536,SIMULATED,SIMULATED
S4-2,S4,Electrification,route-mile,17,2026-05-04,8,47,2026-11-30,14,3.230769230769231,2.8191520571228983,15400000.0,3446712.450657169,7994306.279157128,SIMULATED,SIMULATED
S4-2,S4,Electrification,route-mile,18,2026-05-11,8,47,2026-11-30,14,3.5897435897435894,3.107508207308028,15400000.0,3799572.1103298934,7788131.631774761,SIMULATED,SIMULATED
S4-2,S4,Electrification,route-mile,19,2026-05-18,8,47,2026-11-30,14,3.948717948717949,3.395101745771513,15400000.0,4151509.0098194284,7582502.251773369,SIMULATED,SIMULATED
S4-2,S4,Electrification,route-mile,20,2026-05-25,8,47,2026-11-30,14,4.307692307692308,3.730119782714592,15400000.0,4560829.552469271,7342964.355359067,SIMULATED,SIMULATED
S4-2,S4,Electrification,route-mile,21,2026-06-01,8,47,2026-11-30,14,4.666666666666666,4.064211260970953,15400000.0,4969028.959108186,7104088.948405769,SIMULATED,SIMULATED
S4-2,S4,Electrification,route-mile,22,2026-06-08,8,47,2026-11-30,14,5.0256410256410255,4.3704911698228095,15400000.0,5343576.366767651,6885098.813576692,SIMULATED,SIMULATED
S4-2,S4,Electrification,route-mile,23,2026-06-15,8,47,2026-11-30,14,5.384615384615385,4.697048161091201,15400000.0,5742659.044151124,6651610.564819791,SIMULATED,SIMULATED
S4-2,S4,Electrification,route-mile,24,2026-06-22,8,47,2026-11-30,14,5.743589743589744,5.011772925746366,15400000.0,6127424.727332591,6426582.358091348,SIMULATED,SIMULATED
S4-2,S4,Electrification,route-mile,25,2026-06-29,8,47,2026-11-30,14,6.102564102564102,5.340905754505679,15400000.0,6529624.168080077,6191252.38552844,SIMULATED,SIMULATED
S4-2,S4,Electrification,route-mile,26,2026-07-06,8,47,2026-11-30,14,6.461538461538462,5.6429141641921,15400000.0,6899003.061749364,5975316.372602649,SIMULATED,SIMULATED
S4-2,S4,Electrification,route-mile,27,2026-07-13,8,47,2026-11-30,14,6.82051282051282,5.954885716052216,15400000.0,7280437.357448822,5752256.713022666,SIMULATED,SIMULATED
S4-2,S4,Electrification,route-mile,28,2026-07-20,8,47,2026-11-30,14,7.179487179487179,6.293131937114543,15400000.0,7693664.0028829565,5510410.664963101,SIMULATED,SIMULATED
S4-2,S4,Electrification,route-mile,29,2026-07-27,8,47,2026-11-30,14,7.538461538461538,6.626591853218127,15400000.0,8101099.219317012,5271986.82494904,SIMULATED,SIMULATED
S4-2,S4,Electrification,route-mile,30,2026-08-03,8,47,2026-11-30,14,7.897435897435898,6.928272779942464,15400000.0,8470081.858602177,5056284.962341138,SIMULATED,SIMULATED
S4-3,S4,Stations,station,0,2026-01-05,4,44,2026-11-09,2,0.0,0.0,24000000.0,0.0,15600000.0,SIMULATED,SIMULATED
S4-3,S4,Stations,station,1,2026-01-12,4,44,2026-11-09,2,0.0,0.0,24000000.0,0.0,15600000.0,SIMULATED,SIMULATED
S4-3,S4,Stations,station,2,2026-01-19,4,44,2026-11-09,2,0.0,0.0,24000000.0,0.0,15600000.0,SIMULATED,SIMULATED
S4-3,S4,Stations,station,3,2026-01-26,4,44,2026-11-09,2,0.0,0.0,24000000.0,0.0,15600000.0,SIMULATED,SIMULATED
S4-3,S4,Stations,station,4,2026-02-02,4,44,2026-11-09,2,0.0,0.0,24000000.0,0.0,15600000.0,SIMULATED,SIMULATED
S4-3,S4,Stations,station,5,2026-02-09,4,44,2026-11-09,2,0.05,0.0,24000000.0,6000.0,15600000.0,SIMULATED,SIMULATED
S4-3,S4,Stations,station,6,2026-02-16,4,44,2026-11-09,2,0.1,0.0,24000000.0,12000.0,15600000.0,SIMULATED,SIMULATED
S4-3,S4,Stations,station,7,2026-02-23,4,44,2026-11-09,2,0.15,0.0,24000000.0,18000.0,15600000.0,SIMULATED,SIMULATED
S4-3,S4,Stations,station,8,2026-03-02,4,44,2026-11-09,2,0.2,0.0,24000000.0,24000.0,15600000.0,SIMULATED,SIMULATED
S4-3,S4,Stations,station,9,2026-03-09,4,44,2026-11-09,2,0.25,0.0,24000000.0,30000.0,15600000.0,SIMULATED,SIMULATED
S4-3,S4,Stations,station,10,2026-03-16,4,44,2026-11-09,2,0.3,0.0,24000000.0,36000.0,15600000.0,SIMULATED,SIMULATED
S4-3,S4,Stations,station,11,2026-03-23,4,44,2026-11-09,2,0.35,0.0,24000000.0,42000.0,15600000.0,SIMULATED,SIMULATED
S4-3,S4,Stations,station,12,2026-03-30,4,44,2026-11-09,2,0.4,0.0,24000000.0,48000.0,15600000.0,SIMULATED,SIMULATED
S4-3,S4,Stations,station,13,2026-04-06,4,44,2026-11-09,2,0.45,0.0,24000000.0,54000.0,15600000.0,SIMULATED,SIMULATED
S4-3,S4,Stations,station,14,2026-04-13,4,44,2026-11-09,2,0.5,0.0,24000000.0,60000.0,15600000.0,SIMULATED,SIMULATED
S4-3,S4,Stations,station,15,2026-04-20,4,44,2026-11-09,2,0.55,0.0,24000000.0,66000.0,15600000.0,SIMULATED,SIMULATED
S4-3,S4,Stations,station,16,2026-04-27,4,44,2026-11-09,2,0.6,0.0,24000000.0,72000.0,15600000.0,SIMULATED,SIMULATED
S4-3,S4,Stations,station,17,2026-05-04,4,44,2026-11-09,2,0.65,0.0,24000000.0,78000.0,15600000.0,SIMULATED,SIMULATED
S4-3,S4,Stations,station,18,2026-05-11,4,44,2026-11-09,2,0.7,0.0,24000000.0,84000.0,15600000.0,SIMULATED,SIMULATED
S4-3,S4,Stations,station,19,2026-05-18,4,44,2026-11-09,2,0.75,0.0,24000000.0,90000.0,15600000.0,SIMULATED,SIMULATED
S4-3,S4,Stations,station,20,2026-05-25,4,44,2026-11-09,2,0.8,0.0,24000000.0,96000.0,15600000.0,SIMULATED,SIMULATED
S4-3,S4,Stations,station,21,2026-06-01,4,44,2026-11-09,2,0.85,0.0,24000000.0,102000.0,15600000.0,SIMULATED,SIMULATED
S4-3,S4,Stations,station,22,2026-06-08,4,44,2026-11-09,2,0.9,0.0,24000000.0,108000.0,15600000.0,SIMULATED,SIMULATED
S4-3,S4,Stations,station,23,2026-06-15,4,44,2026-11-09,2,0.95,0.0,24000000.0,114000.0,15600000.0,SIMULATED,SIMULATED
S4-3,S4,Stations,station,24,2026-06-22,4,44,2026-11-09,2,1.0,0.0,24000000.0,120000.0,15600000.0,SIMULATED,SIMULATED
S4-3,S4,Stations,station,25,2026-06-29,4,44,2026-11-09,2,1.05,0.0,24000000.0,126000.0,15600000.0,SIMULATED,SIMULATED
S4-3,S4,Stations,station,26,2026-07-06,4,44,2026-11-09,2,1.1,1.0,24000000.0,13332000.000000002,7800000.0,SIMULATED,SIMULATED
S4-3,S4,Stations,station,27,2026-07-13,4,44,2026-11-09,2,1.15,1.0,24000000.0,13338000.000000002,7800000.0,SIMULATED,SIMULATED
S4-3,S4,Stations,station,28,2026-07-20,4,44,2026-11-09,2,1.2,1.0,24000000.0,13344000.000000002,7800000.0,SIMULATED,SIMULATED
S4-3,S4,Stations,station,29,2026-07-27,4,44,2026-11-09,2,1.25,1.0,24000000.0,13350000.000000002,7800000.0,SIMULATED,SIMULATED
S4-3,S4,Stations,station,30,2026-08-03,4,44,2026-11-09,2,1.3,1.0,24000000.0,13356000.000000002,7800000.0,SIMULATED,SIMULATED
S4-4,S4,Signaling,installation,0,2026-01-05,15,52,2027-01-04,4,0.0,0.0,8000000.0,0.0,5200000.0,SIMULATED,SIMULATED
S4-4,S4,Signaling,installation,1,2026-01-12,15,52,2027-01-04,4,0.0,0.0,8000000.0,0.0,5200000.0,SIMULATED,SIMULATED
S4-4,S4,Signaling,installation,2,2026-01-19,15,52,2027-01-04,4,0.0,0.0,8000000.0,0.0,5200000.0,SIMULATED,SIMULATED
S4-4,S4,Signaling,installation,3,2026-01-26,15,52,2027-01-04,4,0.0,0.0,8000000.0,0.0,5200000.0,SIMULATED,SIMULATED
S4-4,S4,Signaling,installation,4,2026-02-02,15,52,2027-01-04,4,0.0,0.0,8000000.0,0.0,5200000.0,SIMULATED,SIMULATED
S4-4,S4,Signaling,installation,5,2026-02-09,15,52,2027-01-04,4,0.0,0.0,8000000.0,0.0,5200000.0,SIMULATED,SIMULATED
S4-4,S4,Signaling,installation,6,2026-02-16,15,52,2027-01-04,4,0.0,0.0,8000000.0,0.0,5200000.0,SIMULATED,SIMULATED
S4-4,S4,Signaling,installation,7,2026-02-23,15,52,2027-01-04,4,0.0,0.0,8000000.0,0.0,5200000.0,SIMULATED,SIMULATED
S4-4,S4,Signaling,installation,8,2026-03-02,15,52,2027-01-04,4,0.0,0.0,8000000.0,0.0,5200000.0,SIMULATED,SIMULATED
S4-4,S4,Signaling,installation,9,2026-03-09,15,52,2027-01-04,4,0.0,0.0,8000000.0,0.0,5200000.0,SIMULATED,SIMULATED
S4-4,S4,Signaling,installation,10,2026-03-16,15,52,2027-01-04,4,0.0,0.0,8000000.0,0.0,5200000.0,SIMULATED,SIMULATED
S4-4,S4,Signaling,installation,11,2026-03-23,15,52,2027-01-04,4,0.0,0.0,8000000.0,0.0,5200000.0,SIMULATED,SIMULATED
S4-4,S4,Signaling,installation,12,2026-03-30,15,52,2027-01-04,4,0.0,0.0,8000000.0,0.0,5200000.0,SIMULATED,SIMULATED
S4-4,S4,Signaling,installation,13,2026-04-06,15,52,2027-01-04,4,0.0,0.0,8000000.0,0.0,5200000.0,SIMULATED,SIMULATED
S4-4,S4,Signaling,installation,14,2026-04-13,15,52,2027-01-04,4,0.0,0.0,8000000.0,0.0,5200000.0,SIMULATED,SIMULATED
S4-4,S4,Signaling,installation,15,2026-04-20,15,52,2027-01-04,4,0.0,0.0,8000000.0,0.0,5200000.0,SIMULATED,SIMULATED
S4-4,S4,Signaling,installation,16,2026-04-27,15,52,2027-01-04,4,0.10810810810810811,0.0,8000000.0,2162.162162162162,5200000.0,SIMULATED,SIMULATED
S4-4,S4,Signaling,installation,17,2026-05-04,15,52,2027-01-04,4,0.21621621621621623,0.0,8000000.0,4324.324324324324,5200000.0,SIMULATED,SIMULATED
S4-4,S4,Signaling,installation,18,2026-05-11,15,52,2027-01-04,4,0.32432432432432434,0.0,8000000.0,6486.486486486487,5200000.0,SIMULATED,SIMULATED
S4-4,S4,Signaling,installation,19,2026-05-18,15,52,2027-01-04,4,0.43243243243243246,0.0,8000000.0,8648.648648648648,5200000.0,SIMULATED,SIMULATED
S4-4,S4,Signaling,installation,20,2026-05-25,15,52,2027-01-04,4,0.5405405405405406,0.0,8000000.0,10810.810810810812,5200000.0,SIMULATED,SIMULATED
S4-4,S4,Signaling,installation,21,2026-06-01,15,52,2027-01-04,4,0.6486486486486487,0.0,8000000.0,12972.972972972973,5200000.0,SIMULATED,SIMULATED
S4-4,S4,Signaling,installation,22,2026-06-08,15,52,2027-01-04,4,0.7567567567567568,0.0,8000000.0,15135.135135135137,5200000.0,SIMULATED,SIMULATED
S4-4,S4,Signaling,installation,23,2026-06-15,15,52,2027-01-04,4,0.8648648648648649,0.0,8000000.0,17297.297297297297,5200000.0,SIMULATED,SIMULATED
S4-4,S4,Signaling,installation,24,2026-06-22,15,52,2027-01-04,4,0.972972972972973,0.0,8000000.0,19459.45945945946,5200000.0,SIMULATED,SIMULATED
S4-4,S4,Signaling,installation,25,2026-06-29,15,52,2027-01-04,4,1.0810810810810811,1.0,8000000.0,2221621.621621622,3900000.0,SIMULATED,SIMULATED
S4-4,S4,Signaling,installation,26,2026-07-06,15,52,2027-01-04,4,1.1891891891891893,1.0,8000000.0,2223783.7837837837,3900000.0,SIMULATED,SIMULATED
S4-4,S4,Signaling,installation,27,2026-07-13,15,52,2027-01-04,4,1.2972972972972974,1.0,8000000.0,2225945.945945946,3900000.0,SIMULATED,SIMULATED
S4-4,S4,Signaling,installation,28,2026-07-20,15,52,2027-01-04,4,1.4054054054054055,1.0,8000000.0,2228108.108108108,3900000.0,SIMULATED,SIMULATED
S4-4,S4,Signaling,installation,29,2026-07-27,15,52,2027-01-04,4,1.5135135135135136,1.0,8000000.0,2230270.2702702703,3900000.0,SIMULATED,SIMULATED
S4-4,S4,Signaling,installation,30,2026-08-03,15,52,2027-01-04,4,1.6216216216216217,1.0,8000000.0,2232432.4324324327,3900000.0,SIMULATED,SIMULATED
