wbs,section,discipline,baseline_finish,actual_fraction,date,complete,overdue_days,status,evidence_type,origin
S1-1,S1,Track,2026-10-12,0.7410879006999848,2026-08-03,False,0,OPEN,DERIVED,SIMULATED
S1-2,S1,Electrification,2026-11-30,0.5396886931372126,2026-08-03,False,0,OPEN,DERIVED,SIMULATED
S1-3,S1,Stations,2026-11-09,0.5,2026-08-03,False,0,OPEN,DERIVED,SIMULATED
S1-4,S1,Signaling,2027-01-04,0.25,2026-08-03,False,0,OPEN,DERIVED,SIMULATED
S2-1,S2,Track,2026-10-12,0.7049192127531684,2026-08-03,False,0,OPEN,DERIVED,SIMULATED
S2-2,S2,Electrification,2026-11-30,0.5157396664437323,2026-08-03,False,0,OPEN,DERIVED,SIMULATED
S2-3,S2,Stations,2026-11-09,0.5,2026-08-03,False,0,OPEN,DERIVED,SIMULATED
S2-4,S2,Signaling,2027-01-04,0.25,2026-08-03,False,0,OPEN,DERIVED,SIMULATED
S3-1,S3,Track,2026-10-12,0.551836534940031,2026-08-03,False,0,OPEN,DERIVED,SIMULATED
S3-2,S3,Electrification,2026-11-30,0.4016539365981819,2026-08-03,False,0,OPEN,DERIVED,SIMULATED
S3-3,S3,Stations,2026-11-09,0.0,2026-08-03,False,0,OPEN,DERIVED,SIMULATED
S3-4,S3,Signaling,2027-01-04,0.25,2026-08-03,False,0,OPEN,DERIVED,SIMULATED
S4-1,S4,Track,2026-10-12,0.6838710248111053,2026-08-03,False,0,OPEN,DERIVED,SIMULATED
S4-2,S4,Electrification,2026-11-30,0.4948766271387474,2026-08-03,False,0,OPEN,DERIVED,SIMULATED
S4-3,S4,Stations,2026-11-09,0.5,2026-08-03,False,0,OPEN,DERIVED,SIMULATED
S4-4,S4,Signaling,2027-01-04,0.25,2026-08-03,False,0,OPEN,DERIVED,SIMULATED
