nation,period,route_km,electrified_route_km,track_km,electrified_track_km,new_electrification_track_km,break_flag,evidence_type,origin
Great Britain,As of 31 March 1986,16752,3809,,,,False,OBSERVED,OFFICIAL ORR
Great Britain,As of 31 March 1987,16670,4156,,,,False,OBSERVED,OFFICIAL ORR
Great Britain,As of 31 March 1988,16633,4207,,,,False,OBSERVED,OFFICIAL ORR
Great Britain,As of 31 March 1989,16599,4376,,,,False,OBSERVED,OFFICIAL ORR
Great Britain,As of 31 March 1990,16587,4546,,,,False,OBSERVED,OFFICIAL ORR
Great Britain,As of 31 March 1991,16584,4912,,,,False,OBSERVED,OFFICIAL ORR
Great Britain,As of 31 March 1992,16584,4886,,,,False,OBSERVED,OFFICIAL ORR
Great Britain,As of 31 March 1993,16528,4910,,,,False,OBSERVED,OFFICIAL ORR
Great Britain,As of 31 March 1994,16536,4968,,,,False,OBSERVED,OFFICIAL ORR
Great Britain,As of 31 March 1995,16542,4970,,,,False,OBSERVED,OFFICIAL ORR
Great Britain,As of 31 March 1996,16666,5163,,,189.0,False,OBSERVED,OFFICIAL ORR
Great Britain,As of 31 March 1997,16666,5176,,,129.0,False,OBSERVED,OFFICIAL ORR
Great Britain,As of 31 March 1998,16656,5166,,,10.0,False,OBSERVED,OFFICIAL ORR
Great Britain,As of 31 March 1999,16659,5166,,,0.0,False,OBSERVED,OFFICIAL ORR
Great Britain,As of 31 March 2000,16649,5167,30846.0,,1.0,False,OBSERVED,OFFICIAL ORR
Great Britain,As of 31 March 2001,16652,5167,30846.0,,0.0,False,OBSERVED,OFFICIAL ORR
Great Britain,As of 31 March 2002,16652,5167,31972.0,,0.0,False,OBSERVED,OFFICIAL ORR
Great Britain,As of 31 March 2003,16652,5167,31766.0,,0.0,False,OBSERVED,OFFICIAL ORR
Great Britain,As of 31 March 2004,16493,5200,31564.0,,22.0,False,OBSERVED,OFFICIAL ORR
Great Britain,As of 31 March 2005,16116,5200,31482.0,,38.0,False,OBSERVED,OFFICIAL ORR
Great Britain,As of 31 March 2006 [b],15810,5205,31105.0,,5.0,True,OBSERVED,OFFICIAL ORR
Great Britain,As of 31 March 2007,15795,5250,31063.0,,0.0,False,OBSERVED,OFFICIAL ORR
Great Britain,As of 31 March 2008 [b],15814,5250,31082.0,,0.0,True,OBSERVED,OFFICIAL ORR
Great Britain,As of 31 March 2009,15814,5250,31119.0,,36.0,False,OBSERVED,OFFICIAL ORR
Great Britain,As of 31 March 2010,15753,5239,31073.0,,0.0,False,OBSERVED,OFFICIAL ORR
Great Britain,As of 31 March 2011,15777,5262,31108.0,,106.0,False,OBSERVED,OFFICIAL ORR
Great Britain,As of 31 March 2012,15742,5261,31063.0,,0.0,False,OBSERVED,OFFICIAL ORR
Great Britain,As of 31 March 2013,15757,5265,31075.0,12810.0,10.0,False,OBSERVED,OFFICIAL ORR
Great Britain,As of 31 March 2014,15755,5268,31092.0,12887.0,65.0,False,OBSERVED,OFFICIAL ORR
Great Britain,As of 31 March 2015,15764,5272,31120.0,13034.0,177.0,False,OBSERVED,OFFICIAL ORR
Great Britain,As of 31 March 2016,15804,5331,31194.0,13063.0,7.0,False,OBSERVED,OFFICIAL ORR
Great Britain,As of 31 March 2017,15814,5374,31220.0,13167.0,0.0,False,OBSERVED,OFFICIAL ORR
Great Britain,As of 31 March 2018 [b],15846,5483,31038.0,14129.0,291.0,True,OBSERVED,OFFICIAL ORR
Great Britain,As of 31 March 2019,15853,6012,31091.0,14059.0,883.0,False,OBSERVED,OFFICIAL ORR
Great Britain,As of 31 March 2020,15899,6049,31218.0,14256.0,252.0,False,OBSERVED,OFFICIAL ORR
Great Britain,As of 31 March 2021,15935,6045,31250.0,14314.0,182.0,False,OBSERVED,OFFICIAL ORR
Great Britain,As of 31 March 2022,15873,6042,31209.0,14321.0,2.0,False,OBSERVED,OFFICIAL ORR
Great Britain,As of 31 March 2023,15846,6065,31203.0,14360.0,62.0,False,OBSERVED,OFFICIAL ORR
Great Britain,As of 31 March 2024,15849,6130,31258.0,14542.0,141.0,False,OBSERVED,OFFICIAL ORR
Great Britain,As of 31 March 2025 [b],15747,6200,31236.0,14663.0,120.0,True,OBSERVED,OFFICIAL ORR
England,As of 31 March 2013,11579,4617,24392.0,11296.0,0.0,False,OBSERVED,OFFICIAL ORR
England,As of 31 March 2014,11575,4620,24394.0,11327.0,65.0,False,OBSERVED,OFFICIAL ORR
England,As of 31 March 2015,11584,4623,24422.0,11403.0,89.0,False,OBSERVED,OFFICIAL ORR
England,As of 31 March 2016,11575,4640,24427.0,11432.0,7.0,False,OBSERVED,OFFICIAL ORR
England,As of 31 March 2017,11585,4683,24455.0,11536.0,0.0,False,OBSERVED,OFFICIAL ORR
England,As of 31 March 2018 [b],11629,4723,24300.0,12189.0,291.0,True,OBSERVED,OFFICIAL ORR
England,As of 31 March 2019,11638,5023,24365.0,12113.0,554.0,False,OBSERVED,OFFICIAL ORR
England,As of 31 March 2020,11672,5109,24447.0,12305.0,74.0,False,OBSERVED,OFFICIAL ORR
England,As of 31 March 2021,11703,5104,24478.0,12359.0,182.0,False,OBSERVED,OFFICIAL ORR
England,As of 31 March 2022,11650,5099,24446.0,12366.0,2.0,False,OBSERVED,OFFICIAL ORR
England,As of 31 March 2023,11653,5124,24471.0,12412.0,62.0,False,OBSERVED,OFFICIAL ORR
England,As of 31 March 2024,11656,5136,24490.0,12478.0,39.0,False,OBSERVED,OFFICIAL ORR
England,As of 31 March 2025 [b],11550,5178,24471.0,12565.0,87.0,True,OBSERVED,OFFICIAL ORR
Wales,As of 31 March 2013,1490,0,2447.0,0.0,0.0,False,OBSERVED,OFFICIAL ORR
Wales,As of 31 March 2014,1490,0,2458.0,0.0,0.0,False,OBSERVED,OFFICIAL ORR
Wales,As of 31 March 2015,1490,0,2458.0,0.0,0.0,False,OBSERVED,OFFICIAL ORR
Wales,As of 31 March 2016,1492,0,2460.0,0.0,0.0,False,OBSERVED,OFFICIAL ORR
Wales,As of 31 March 2017,1492,0,2459.0,0.0,0.0,False,OBSERVED,OFFICIAL ORR
Wales,As of 31 March 2018 [b],1492,0,2458.0,0.0,0.0,True,OBSERVED,OFFICIAL ORR
Wales,As of 31 March 2019,1493,0,2454.0,0.0,0.0,False,OBSERVED,OFFICIAL ORR
Wales,As of 31 March 2020,1526,55,2494.0,178.0,178.0,False,OBSERVED,OFFICIAL ORR
Wales,As of 31 March 2021,1531,56,2496.0,178.0,0.0,False,OBSERVED,OFFICIAL ORR
Wales,As of 31 March 2022,1526,56,2490.0,178.0,0.0,False,OBSERVED,OFFICIAL ORR
Wales,As of 31 March 2023,1498,56,2464.0,178.0,0.0,False,OBSERVED,OFFICIAL ORR
Wales,As of 31 March 2024,1498,97,2462.0,268.0,82.0,False,OBSERVED,OFFICIAL ORR
Wales,As of 31 March 2025 [b],1498,132,2475.0,302.0,34.0,True,OBSERVED,OFFICIAL ORR
Scotland,As of 31 March 2013,2688,648,4236.0,1514.0,10.0,False,OBSERVED,OFFICIAL ORR
Scotland,As of 31 March 2014,2690,648,4240.0,1560.0,0.0,False,OBSERVED,OFFICIAL ORR
Scotland,As of 31 March 2015,2690,649,4240.0,1631.0,88.0,False,OBSERVED,OFFICIAL ORR
Scotland,As of 31 March 2016,2737,691,4307.0,1631.0,0.0,False,OBSERVED,OFFICIAL ORR
Scotland,As of 31 March 2017,2737,691,4306.0,1631.0,0.0,False,OBSERVED,OFFICIAL ORR
Scotland,As of 31 March 2018 [b],2725,760,4280.0,1940.0,0.0,True,OBSERVED,OFFICIAL ORR
Scotland,As of 31 March 2019,2722,989,4272.0,1946.0,329.0,False,OBSERVED,OFFICIAL ORR
Scotland,As of 31 March 2020,2701,885,4277.0,1773.0,0.0,False,OBSERVED,OFFICIAL ORR
Scotland,As of 31 March 2021,2701,885,4276.0,1777.0,0.0,False,OBSERVED,OFFICIAL ORR
Scotland,As of 31 March 2022,2697,886,4273.0,1777.0,0.0,False,OBSERVED,OFFICIAL ORR
Scotland,As of 31 March 2023,2695,885,4268.0,1770.0,0.0,False,OBSERVED,OFFICIAL ORR
Scotland,As of 31 March 2024,2695,896,4306.0,1796.0,20.0,False,OBSERVED,OFFICIAL ORR
Scotland,As of 31 March 2025 [b],2699,890,4290.0,1796.0,0.0,True,OBSERVED,OFFICIAL ORR
