scenario,section,week,date,projected_ev,budget,evidence_type,origin
BASELINE,S1,30,2026-08-03,51612474.012474015,80600000.0,DERIVED,SIMULATED
BASELINE,S1,31,2026-08-10,53656382.53638254,80600000.0,DERIVED,SIMULATED
BASELINE,S1,32,2026-08-17,55700291.06029106,80600000.0,DERIVED,SIMULATED
BASELINE,S1,33,2026-08-24,57744199.584199585,80600000.0,DERIVED,SIMULATED
BASELINE,S1,34,2026-08-31,59788108.1081081,80600000.0,DERIVED,SIMULATED
BASELINE,S1,35,2026-09-07,61832016.63201663,80600000.0,DERIVED,SIMULATED
BASELINE,S1,36,2026-09-14,63875925.155925155,80600000.0,DERIVED,SIMULATED
BASELINE,S1,37,2026-09-21,65919833.67983369,80600000.0,DERIVED,SIMULATED
BASELINE,S1,38,2026-09-28,67963742.20374219,80600000.0,DERIVED,SIMULATED
BASELINE,S1,39,2026-10-05,70007650.72765073,80600000.0,DERIVED,SIMULATED
BASELINE,S1,40,2026-10-12,72051559.25155926,80600000.0,DERIVED,SIMULATED
BASELINE,S1,41,2026-10-19,73375467.77546777,80600000.0,DERIVED,SIMULATED
BASELINE,S1,42,2026-10-26,74699376.29937631,80600000.0,DERIVED,SIMULATED
BASELINE,S1,43,2026-11-02,76023284.82328482,80600000.0,DERIVED,SIMULATED
BASELINE,S1,44,2026-11-09,77347193.34719335,80600000.0,DERIVED,SIMULATED
BASELINE,S1,45,2026-11-16,78071101.87110187,80600000.0,DERIVED,SIMULATED
BASELINE,S1,46,2026-11-23,78795010.3950104,80600000.0,DERIVED,SIMULATED
BASELINE,S1,47,2026-11-30,79518918.91891892,80600000.0,DERIVED,SIMULATED
BASELINE,S1,48,2026-12-07,79735135.13513513,80600000.0,DERIVED,SIMULATED
BASELINE,S1,49,2026-12-14,79951351.35135135,80600000.0,DERIVED,SIMULATED
BASELINE,S1,50,2026-12-21,80167567.56756757,80600000.0,DERIVED,SIMULATED
BASELINE,S1,51,2026-12-28,80383783.78378378,80600000.0,DERIVED,SIMULATED
BASELINE,S1,52,2027-01-04,80600000.0,80600000.0,DERIVED,SIMULATED
BASELINE,S1,53,2027-01-11,80600000.0,80600000.0,DERIVED,SIMULATED
BASELINE,S1,54,2027-01-18,80600000.0,80600000.0,DERIVED,SIMULATED
BASELINE,S1,55,2027-01-25,80600000.0,80600000.0,DERIVED,SIMULATED
BASELINE,S1,56,2027-02-01,80600000.0,80600000.0,DERIVED,SIMULATED
BASELINE,S1,57,2027-02-08,80600000.0,80600000.0,DERIVED,SIMULATED
BASELINE,S1,58,2027-02-15,80600000.0,80600000.0,DERIVED,SIMULATED
BASELINE,S1,59,2027-02-22,80600000.0,80600000.0,DERIVED,SIMULATED
BASELINE,S1,60,2027-03-01,80600000.0,80600000.0,DERIVED,SIMULATED
BASELINE,S1,61,2027-03-08,80600000.0,80600000.0,DERIVED,SIMULATED
BASELINE,S1,62,2027-03-15,80600000.0,80600000.0,DERIVED,SIMULATED
BASELINE,S1,63,2027-03-22,80600000.0,80600000.0,DERIVED,SIMULATED
BASELINE,S1,64,2027-03-29,80600000.0,80600000.0,DERIVED,SIMULATED
BASELINE,S1,65,2027-04-05,80600000.0,80600000.0,DERIVED,SIMULATED
BASELINE,S1,66,2027-04-12,80600000.0,80600000.0,DERIVED,SIMULATED
BASELINE,S1,67,2027-04-19,80600000.0,80600000.0,DERIVED,SIMULATED
BASELINE,S1,68,2027-04-26,80600000.0,80600000.0,DERIVED,SIMULATED
BASELINE,S1,69,2027-05-03,80600000.0,80600000.0,DERIVED,SIMULATED
BASELINE,S1,70,2027-05-10,80600000.0,80600000.0,DERIVED,SIMULATED
BASELINE,S1,71,2027-05-17,80600000.0,80600000.0,DERIVED,SIMULATED
BASELINE,S1,72,2027-05-24,80600000.0,80600000.0,DERIVED,SIMULATED
BASELINE,S1,73,2027-05-31,80600000.0,80600000.0,DERIVED,SIMULATED
BASELINE,S1,74,2027-06-07,80600000.0,80600000.0,DERIVED,SIMULATED
BASELINE,S1,75,2027-06-14,80600000.0,80600000.0,DERIVED,SIMULATED
BASELINE,S1,76,2027-06-21,80600000.0,80600000.0,DERIVED,SIMULATED
BASELINE,S1,77,2027-06-28,80600000.0,80600000.0,DERIVED,SIMULATED
BASELINE,S1,78,2027-07-05,80600000.0,80600000.0,DERIVED,SIMULATED
BASELINE,S1,79,2027-07-12,80600000.0,80600000.0,DERIVED,SIMULATED
BASELINE,S1,80,2027-07-19,80600000.0,80600000.0,DERIVED,SIMULATED
BASELINE,S1,81,2027-07-26,80600000.0,80600000.0,DERIVED,SIMULATED
BASELINE,S1,82,2027-08-02,80600000.0,80600000.0,DERIVED,SIMULATED
BASELINE,S2,30,2026-08-03,47971448.37144837,75200000.0,DERIVED,SIMULATED
BASELINE,S2,31,2026-08-10,49878946.638946645,75200000.0,DERIVED,SIMULATED
BASELINE,S2,32,2026-08-17,51786444.90644491,75200000.0,DERIVED,SIMULATED
BASELINE,S2,33,2026-08-24,53693943.17394318,75200000.0,DERIVED,SIMULATED
BASELINE,S2,34,2026-08-31,55601441.44144144,75200000.0,DERIVED,SIMULATED
BASELINE,S2,35,2026-09-07,57508939.70893971,75200000.0,DERIVED,SIMULATED
BASELINE,S2,36,2026-09-14,59416437.97643798,75200000.0,DERIVED,SIMULATED
BASELINE,S2,37,2026-09-21,61323936.24393625,75200000.0,DERIVED,SIMULATED
BASELINE,S2,38,2026-09-28,63231434.51143451,75200000.0,DERIVED,SIMULATED
BASELINE,S2,39,2026-10-05,65138932.77893278,75200000.0,DERIVED,SIMULATED
BASELINE,S2,40,2026-10-12,67046431.04643104,75200000.0,DERIVED,SIMULATED
BASELINE,S2,41,2026-10-19,68313929.31392932,75200000.0,DERIVED,SIMULATED
BASELINE,S2,42,2026-10-26,69581427.58142757,75200000.0,DERIVED,SIMULATED
BASELINE,S2,43,2026-11-02,70848925.84892584,75200000.0,DERIVED,SIMULATED
BASELINE,S2,44,2026-11-09,72116424.11642411,75200000.0,DERIVED,SIMULATED
BASELINE,S2,45,2026-11-16,72783922.38392238,75200000.0,DERIVED,SIMULATED
BASELINE,S2,46,2026-11-23,73451420.65142065,75200000.0,DERIVED,SIMULATED
BASELINE,S2,47,2026-11-30,74118918.91891892,75200000.0,DERIVED,SIMULATED
BASELINE,S2,48,2026-12-07,74335135.13513513,75200000.0,DERIVED,SIMULATED
BASELINE,S2,49,2026-12-14,74551351.35135135,75200000.0,DERIVED,SIMULATED
BASELINE,S2,50,2026-12-21,74767567.56756757,75200000.0,DERIVED,SIMULATED
BASELINE,S2,51,2026-12-28,74983783.78378378,75200000.0,DERIVED,SIMULATED
BASELINE,S2,52,2027-01-04,75200000.0,75200000.0,DERIVED,SIMULATED
BASELINE,S2,53,2027-01-11,75200000.0,75200000.0,DERIVED,SIMULATED
BASELINE,S2,54,2027-01-18,75200000.0,75200000.0,DERIVED,SIMULATED
BASELINE,S2,55,2027-01-25,75200000.0,75200000.0,DERIVED,SIMULATED
BASELINE,S2,56,2027-02-01,75200000.0,75200000.0,DERIVED,SIMULATED
BASELINE,S2,57,2027-02-08,75200000.0,75200000.0,DERIVED,SIMULATED
BASELINE,S2,58,2027-02-15,75200000.0,75200000.0,DERIVED,SIMULATED
BASELINE,S2,59,2027-02-22,75200000.0,75200000.0,DERIVED,SIMULATED
BASELINE,S2,60,2027-03-01,75200000.0,75200000.0,DERIVED,SIMULATED
BASELINE,S2,61,2027-03-08,75200000.0,75200000.0,DERIVED,SIMULATED
BASELINE,S2,62,2027-03-15,75200000.0,75200000.0,DERIVED,SIMULATED
BASELINE,S2,63,2027-03-22,75200000.0,75200000.0,DERIVED,SIMULATED
BASELINE,S2,64,2027-03-29,75200000.0,75200000.0,DERIVED,SIMULATED
BASELINE,S2,65,2027-04-05,75200000.0,75200000.0,DERIVED,SIMULATED
BASELINE,S2,66,2027-04-12,75200000.0,75200000.0,DERIVED,SIMULATED
BASELINE,S2,67,2027-04-19,75200000.0,75200000.0,DERIVED,SIMULATED
BASELINE,S2,68,2027-04-26,75200000.0,75200000.0,DERIVED,SIMULATED
BASELINE,S2,69,2027-05-03,75200000.0,75200000.0,DERIVED,SIMULATED
BASELINE,S2,70,2027-05-10,75200000.0,75200000.0,DERIVED,SIMULATED
BASELINE,S2,71,2027-05-17,75200000.0,75200000.0,DERIVED,SIMULATED
BASELINE,S2,72,2027-05-24,75200000.0,75200000.0,DERIVED,SIMULATED
BASELINE,S2,73,2027-05-31,75200000.0,75200000.0,DERIVED,SIMULATED
BASELINE,S2,74,2027-06-07,75200000.0,75200000.0,DERIVED,SIMULATED
BASELINE,S2,75,2027-06-14,75200000.0,75200000.0,DERIVED,SIMULATED
BASELINE,S2,76,2027-06-21,75200000.0,75200000.0,DERIVED,SIMULATED
BASELINE,S2,77,2027-06-28,75200000.0,75200000.0,DERIVED,SIMULATED
BASELINE,S2,78,2027-07-05,75200000.0,75200000.0,DERIVED,SIMULATED
BASELINE,S2,79,2027-07-12,75200000.0,75200000.0,DERIVED,SIMULATED
BASELINE,S2,80,2027-07-19,75200000.0,75200000.0,DERIVED,SIMULATED
BASELINE,S2,81,2027-07-26,75200000.0,75200000.0,DERIVED,SIMULATED
BASELINE,S2,82,2027-08-02,75200000.0,75200000.0,DERIVED,SIMULATED
BASELINE,S3,30,2026-08-03,55253499.653499655,86000000.0,DERIVED,SIMULATED
BASELINE,S3,31,2026-08-10,57433818.43381844,86000000.0,DERIVED,SIMULATED
BASELINE,S3,32,2026-08-17,59614137.21413722,86000000.0,DERIVED,SIMULATED
BASELINE,S3,33,2026-08-24,61794455.99445599,86000000.0,DERIVED,SIMULATED
BASELINE,S3,34,2026-08-31,63974774.774774775,86000000.0,DERIVED,SIMULATED
BASELINE,S3,35,2026-09-07,66155093.55509356,86000000.0,DERIVED,SIMULATED
BASELINE,S3,36,2026-09-14,68335412.33541234,86000000.0,DERIVED,SIMULATED
BASELINE,S3,37,2026-09-21,70515731.11573112,86000000.0,DERIVED,SIMULATED
BASELINE,S3,38,2026-09-28,72696049.8960499,86000000.0,DERIVED,SIMULATED
BASELINE,S3,39,2026-10-05,74876368.67636867,86000000.0,DERIVED,SIMULATED
BASELINE,S3,40,2026-10-12,77056687.45668745,86000000.0,DERIVED,SIMULATED
BASELINE,S3,41,2026-10-19,78437006.23700623,86000000.0,DERIVED,SIMULATED
BASELINE,S3,42,2026-10-26,79817325.01732501,86000000.0,DERIVED,SIMULATED
BASELINE,S3,43,2026-11-02,81197643.7976438,86000000.0,DERIVED,SIMULATED
BASELINE,S3,44,2026-11-09,82577962.57796258,86000000.0,DERIVED,SIMULATED
BASELINE,S3,45,2026-11-16,83358281.35828136,86000000.0,DERIVED,SIMULATED
BASELINE,S3,46,2026-11-23,84138600.13860014,86000000.0,DERIVED,SIMULATED
BASELINE,S3,47,2026-11-30,84918918.91891892,86000000.0,DERIVED,SIMULATED
BASELINE,S3,48,2026-12-07,85135135.13513513,86000000.0,DERIVED,SIMULATED
BASELINE,S3,49,2026-12-14,85351351.35135135,86000000.0,DERIVED,SIMULATED
BASELINE,S3,50,2026-12-21,85567567.56756757,86000000.0,DERIVED,SIMULATED
BASELINE,S3,51,2026-12-28,85783783.78378378,86000000.0,DERIVED,SIMULATED
BASELINE,S3,52,2027-01-04,86000000.0,86000000.0,DERIVED,SIMULATED
BASELINE,S3,53,2027-01-11,86000000.0,86000000.0,DERIVED,SIMULATED
BASELINE,S3,54,2027-01-18,86000000.0,86000000.0,DERIVED,SIMULATED
BASELINE,S3,55,2027-01-25,86000000.0,86000000.0,DERIVED,SIMULATED
BASELINE,S3,56,2027-02-01,86000000.0,86000000.0,DERIVED,SIMULATED
BASELINE,S3,57,2027-02-08,86000000.0,86000000.0,DERIVED,SIMULATED
BASELINE,S3,58,2027-02-15,86000000.0,86000000.0,DERIVED,SIMULATED
BASELINE,S3,59,2027-02-22,86000000.0,86000000.0,DERIVED,SIMULATED
BASELINE,S3,60,2027-03-01,86000000.0,86000000.0,DERIVED,SIMULATED
BASELINE,S3,61,2027-03-08,86000000.0,86000000.0,DERIVED,SIMULATED
BASELINE,S3,62,2027-03-15,86000000.0,86000000.0,DERIVED,SIMULATED
BASELINE,S3,63,2027-03-22,86000000.0,86000000.0,DERIVED,SIMULATED
BASELINE,S3,64,2027-03-29,86000000.0,86000000.0,DERIVED,SIMULATED
BASELINE,S3,65,2027-04-05,86000000.0,86000000.0,DERIVED,SIMULATED
BASELINE,S3,66,2027-04-12,86000000.0,86000000.0,DERIVED,SIMULATED
BASELINE,S3,67,2027-04-19,86000000.0,86000000.0,DERIVED,SIMULATED
BASELINE,S3,68,2027-04-26,86000000.0,86000000.0,DERIVED,SIMULATED
BASELINE,S3,69,2027-05-03,86000000.0,86000000.0,DERIVED,SIMULATED
BASELINE,S3,70,2027-05-10,86000000.0,86000000.0,DERIVED,SIMULATED
BASELINE,S3,71,2027-05-17,86000000.0,86000000.0,DERIVED,SIMULATED
BASELINE,S3,72,2027-05-24,86000000.0,86000000.0,DERIVED,SIMULATED
BASELINE,S3,73,2027-05-31,86000000.0,86000000.0,DERIVED,SIMULATED
BASELINE,S3,74,2027-06-07,86000000.0,86000000.0,DERIVED,SIMULATED
BASELINE,S3,75,2027-06-14,86000000.0,86000000.0,DERIVED,SIMULATED
BASELINE,S3,76,2027-06-21,86000000.0,86000000.0,DERIVED,SIMULATED
BASELINE,S3,77,2027-06-28,86000000.0,86000000.0,DERIVED,SIMULATED
BASELINE,S3,78,2027-07-05,86000000.0,86000000.0,DERIVED,SIMULATED
BASELINE,S3,79,2027-07-12,86000000.0,86000000.0,DERIVED,SIMULATED
BASELINE,S3,80,2027-07-19,86000000.0,86000000.0,DERIVED,SIMULATED
BASELINE,S3,81,2027-07-26,86000000.0,86000000.0,DERIVED,SIMULATED
BASELINE,S3,82,2027-08-02,86000000.0,86000000.0,DERIVED,SIMULATED
BASELINE,S4,30,2026-08-03,44330422.730422735,69800000.0,DERIVED,SIMULATED
BASELINE,S4,31,2026-08-10,46101510.74151075,69800000.0,DERIVED,SIMULATED
BASELINE,S4,32,2026-08-17,47872598.752598755,69800000.0,DERIVED,SIMULATED
BASELINE,S4,33,2026-08-24,49643686.763686754,69800000.0,DERIVED,SIMULATED
BASELINE,S4,34,2026-08-31,51414774.774774775,69800000.0,DERIVED,SIMULATED
BASELINE,S4,35,2026-09-07,53185862.78586279,69800000.0,DERIVED,SIMULATED
BASELINE,S4,36,2026-09-14,54956950.796950795,69800000.0,DERIVED,SIMULATED
BASELINE,S4,37,2026-09-21,56728038.80803881,69800000.0,DERIVED,SIMULATED
BASELINE,S4,38,2026-09-28,58499126.81912682,69800000.0,DERIVED,SIMULATED
BASELINE,S4,39,2026-10-05,60270214.83021483,69800000.0,DERIVED,SIMULATED
BASELINE,S4,40,2026-10-12,62041302.84130284,69800000.0,DERIVED,SIMULATED
BASELINE,S4,41,2026-10-19,63252390.852390856,69800000.0,DERIVED,SIMULATED
BASELINE,S4,42,2026-10-26,64463478.86347886,69800000.0,DERIVED,SIMULATED
BASELINE,S4,43,2026-11-02,65674566.874566875,69800000.0,DERIVED,SIMULATED
BASELINE,S4,44,2026-11-09,66885654.88565489,69800000.0,DERIVED,SIMULATED
BASELINE,S4,45,2026-11-16,67496742.8967429,69800000.0,DERIVED,SIMULATED
BASELINE,S4,46,2026-11-23,68107830.90783091,69800000.0,DERIVED,SIMULATED
BASELINE,S4,47,2026-11-30,68718918.91891892,69800000.0,DERIVED,SIMULATED
BASELINE,S4,48,2026-12-07,68935135.13513513,69800000.0,DERIVED,SIMULATED
BASELINE,S4,49,2026-12-14,69151351.35135135,69800000.0,DERIVED,SIMULATED
BASELINE,S4,50,2026-12-21,69367567.56756757,69800000.0,DERIVED,SIMULATED
BASELINE,S4,51,2026-12-28,69583783.78378378,69800000.0,DERIVED,SIMULATED
BASELINE,S4,52,2027-01-04,69800000.0,69800000.0,DERIVED,SIMULATED
BASELINE,S4,53,2027-01-11,69800000.0,69800000.0,DERIVED,SIMULATED
BASELINE,S4,54,2027-01-18,69800000.0,69800000.0,DERIVED,SIMULATED
BASELINE,S4,55,2027-01-25,69800000.0,69800000.0,DERIVED,SIMULATED
BASELINE,S4,56,2027-02-01,69800000.0,69800000.0,DERIVED,SIMULATED
BASELINE,S4,57,2027-02-08,69800000.0,69800000.0,DERIVED,SIMULATED
BASELINE,S4,58,2027-02-15,69800000.0,69800000.0,DERIVED,SIMULATED
BASELINE,S4,59,2027-02-22,69800000.0,69800000.0,DERIVED,SIMULATED
BASELINE,S4,60,2027-03-01,69800000.0,69800000.0,DERIVED,SIMULATED
BASELINE,S4,61,2027-03-08,69800000.0,69800000.0,DERIVED,SIMULATED
BASELINE,S4,62,2027-03-15,69800000.0,69800000.0,DERIVED,SIMULATED
BASELINE,S4,63,2027-03-22,69800000.0,69800000.0,DERIVED,SIMULATED
BASELINE,S4,64,2027-03-29,69800000.0,69800000.0,DERIVED,SIMULATED
BASELINE,S4,65,2027-04-05,69800000.0,69800000.0,DERIVED,SIMULATED
BASELINE,S4,66,2027-04-12,69800000.0,69800000.0,DERIVED,SIMULATED
BASELINE,S4,67,2027-04-19,69800000.0,69800000.0,DERIVED,SIMULATED
BASELINE,S4,68,2027-04-26,69800000.0,69800000.0,DERIVED,SIMULATED
BASELINE,S4,69,2027-05-03,69800000.0,69800000.0,DERIVED,SIMULATED
BASELINE,S4,70,2027-05-10,69800000.0,69800000.0,DERIVED,SIMULATED
BASELINE,S4,71,2027-05-17,69800000.0,69800000.0,DERIVED,SIMULATED
BASELINE,S4,72,2027-05-24,69800000.0,69800000.0,DERIVED,SIMULATED
BASELINE,S4,73,2027-05-31,69800000.0,69800000.0,DERIVED,SIMULATED
BASELINE,S4,74,2027-06-07,69800000.0,69800000.0,DERIVED,SIMULATED
BASELINE,S4,75,2027-06-14,69800000.0,69800000.0,DERIVED,SIMULATED
BASELINE,S4,76,2027-06-21,69800000.0,69800000.0,DERIVED,SIMULATED
BASELINE,S4,77,2027-06-28,69800000.0,69800000.0,DERIVED,SIMULATED
BASELINE,S4,78,2027-07-05,69800000.0,69800000.0,DERIVED,SIMULATED
BASELINE,S4,79,2027-07-12,69800000.0,69800000.0,DERIVED,SIMULATED
BASELINE,S4,80,2027-07-19,69800000.0,69800000.0,DERIVED,SIMULATED
BASELINE,S4,81,2027-07-26,69800000.0,69800000.0,DERIVED,SIMULATED
BASELINE,S4,82,2027-08-02,69800000.0,69800000.0,DERIVED,SIMULATED
CURRENT,S1,30,2026-08-03,46029167.66427638,80600000.0,DERIVED,SIMULATED
CURRENT,S1,31,2026-08-10,47214164.91147888,80600000.0,DERIVED,SIMULATED
CURRENT,S1,32,2026-08-17,48399162.15868138,80600000.0,DERIVED,SIMULATED
CURRENT,S1,33,2026-08-24,49584159.40588388,80600000.0,DERIVED,SIMULATED
CURRENT,S1,34,2026-08-31,50769156.65308638,80600000.0,DERIVED,SIMULATED
CURRENT,S1,35,2026-09-07,51954153.90028888,80600000.0,DERIVED,SIMULATED
CURRENT,S1,36,2026-09-14,53139151.14749138,80600000.0,DERIVED,SIMULATED
CURRENT,S1,37,2026-09-21,54324148.39469388,80600000.0,DERIVED,SIMULATED
CURRENT,S1,38,2026-09-28,55509145.64189638,80600000.0,DERIVED,SIMULATED
CURRENT,S1,39,2026-10-05,56694142.88909889,80600000.0,DERIVED,SIMULATED
CURRENT,S1,40,2026-10-12,57879140.13630138,80600000.0,DERIVED,SIMULATED
CURRENT,S1,41,2026-10-19,58866002.11343433,80600000.0,DERIVED,SIMULATED
CURRENT,S1,42,2026-10-26,59355108.11246319,80600000.0,DERIVED,SIMULATED
CURRENT,S1,43,2026-11-02,59844214.11149205,80600000.0,DERIVED,SIMULATED
CURRENT,S1,44,2026-11-09,60333320.11052092,80600000.0,DERIVED,SIMULATED
CURRENT,S1,45,2026-11-16,60822426.10954979,80600000.0,DERIVED,SIMULATED
CURRENT,S1,46,2026-11-23,61311532.10857865,80600000.0,DERIVED,SIMULATED
CURRENT,S1,47,2026-11-30,61800638.10760752,80600000.0,DERIVED,SIMULATED
CURRENT,S1,48,2026-12-07,62289744.10663639,80600000.0,DERIVED,SIMULATED
CURRENT,S1,49,2026-12-14,62600000.0,80600000.0,DERIVED,SIMULATED
CURRENT,S1,50,2026-12-21,62600000.0,80600000.0,DERIVED,SIMULATED
CURRENT,S1,51,2026-12-28,62600000.0,80600000.0,DERIVED,SIMULATED
CURRENT,S1,52,2027-01-04,62600000.0,80600000.0,DERIVED,SIMULATED
CURRENT,S1,53,2027-01-11,62600000.0,80600000.0,DERIVED,SIMULATED
CURRENT,S1,54,2027-01-18,62600000.0,80600000.0,DERIVED,SIMULATED
CURRENT,S1,55,2027-01-25,62600000.0,80600000.0,DERIVED,SIMULATED
CURRENT,S1,56,2027-02-01,62600000.0,80600000.0,DERIVED,SIMULATED
CURRENT,S1,57,2027-02-08,62600000.0,80600000.0,DERIVED,SIMULATED
CURRENT,S1,58,2027-02-15,62600000.0,80600000.0,DERIVED,SIMULATED
CURRENT,S1,59,2027-02-22,62600000.0,80600000.0,DERIVED,SIMULATED
CURRENT,S1,60,2027-03-01,62600000.0,80600000.0,DERIVED,SIMULATED
CURRENT,S1,61,2027-03-08,62600000.0,80600000.0,DERIVED,SIMULATED
CURRENT,S1,62,2027-03-15,62600000.0,80600000.0,DERIVED,SIMULATED
CURRENT,S1,63,2027-03-22,62600000.0,80600000.0,DERIVED,SIMULATED
CURRENT,S1,64,2027-03-29,62600000.0,80600000.0,DERIVED,SIMULATED
CURRENT,S1,65,2027-04-05,62600000.0,80600000.0,DERIVED,SIMULATED
CURRENT,S1,66,2027-04-12,62600000.0,80600000.0,DERIVED,SIMULATED
CURRENT,S1,67,2027-04-19,62600000.0,80600000.0,DERIVED,SIMULATED
CURRENT,S1,68,2027-04-26,62600000.0,80600000.0,DERIVED,SIMULATED
CURRENT,S1,69,2027-05-03,62600000.0,80600000.0,DERIVED,SIMULATED
CURRENT,S1,70,2027-05-10,62600000.0,80600000.0,DERIVED,SIMULATED
CURRENT,S1,71,2027-05-17,62600000.0,80600000.0,DERIVED,SIMULATED
CURRENT,S1,72,2027-05-24,62600000.0,80600000.0,DERIVED,SIMULATED
CURRENT,S1,73,2027-05-31,62600000.0,80600000.0,DERIVED,SIMULATED
CURRENT,S1,74,2027-06-07,62600000.0,80600000.0,DERIVED,SIMULATED
CURRENT,S1,75,2027-06-14,62600000.0,80600000.0,DERIVED,SIMULATED
CURRENT,S1,76,2027-06-21,62600000.0,80600000.0,DERIVED,SIMULATED
CURRENT,S1,77,2027-06-28,62600000.0,80600000.0,DERIVED,SIMULATED
CURRENT,S1,78,2027-07-05,62600000.0,80600000.0,DERIVED,SIMULATED
CURRENT,S1,79,2027-07-12,62600000.0,80600000.0,DERIVED,SIMULATED
CURRENT,S1,80,2027-07-19,62600000.0,80600000.0,DERIVED,SIMULATED
CURRENT,S1,81,2027-07-26,62600000.0,80600000.0,DERIVED,SIMULATED
CURRENT,S1,82,2027-08-02,62600000.0,80600000.0,DERIVED,SIMULATED
CURRENT,S2,30,2026-08-03,41122949.9758908,75200000.0,DERIVED,SIMULATED
CURRENT,S2,31,2026-08-10,42140666.040284835,75200000.0,DERIVED,SIMULATED
CURRENT,S2,32,2026-08-17,43158382.10467887,75200000.0,DERIVED,SIMULATED
CURRENT,S2,33,2026-08-24,44176098.16907291,75200000.0,DERIVED,SIMULATED
CURRENT,S2,34,2026-08-31,45193814.233466946,75200000.0,DERIVED,SIMULATED
CURRENT,S2,35,2026-09-07,46211530.29786098,75200000.0,DERIVED,SIMULATED
CURRENT,S2,36,2026-09-14,47229246.36225502,75200000.0,DERIVED,SIMULATED
CURRENT,S2,37,2026-09-21,48246962.42664906,75200000.0,DERIVED,SIMULATED
CURRENT,S2,38,2026-09-28,49264678.49104309,75200000.0,DERIVED,SIMULATED
CURRENT,S2,39,2026-10-05,50282394.55543713,75200000.0,DERIVED,SIMULATED
CURRENT,S2,40,2026-10-12,51300110.61983117,75200000.0,DERIVED,SIMULATED
CURRENT,S2,41,2026-10-19,52317826.6842252,75200000.0,DERIVED,SIMULATED
CURRENT,S2,42,2026-10-26,53335542.74861924,75200000.0,DERIVED,SIMULATED
CURRENT,S2,43,2026-11-02,53925457.858531974,75200000.0,DERIVED,SIMULATED
CURRENT,S2,44,2026-11-09,54329183.99154138,75200000.0,DERIVED,SIMULATED
CURRENT,S2,45,2026-11-16,54732910.12455079,75200000.0,DERIVED,SIMULATED
CURRENT,S2,46,2026-11-23,55136636.25756019,75200000.0,DERIVED,SIMULATED
CURRENT,S2,47,2026-11-30,55540362.3905696,75200000.0,DERIVED,SIMULATED
CURRENT,S2,48,2026-12-07,55944088.523579,75200000.0,DERIVED,SIMULATED
CURRENT,S2,49,2026-12-14,56347814.65658841,75200000.0,DERIVED,SIMULATED
CURRENT,S2,50,2026-12-21,56751540.78959782,75200000.0,DERIVED,SIMULATED
CURRENT,S2,51,2026-12-28,57155266.92260723,75200000.0,DERIVED,SIMULATED
CURRENT,S2,52,2027-01-04,57200000.0,75200000.0,DERIVED,SIMULATED
CURRENT,S2,53,2027-01-11,57200000.0,75200000.0,DERIVED,SIMULATED
CURRENT,S2,54,2027-01-18,57200000.0,75200000.0,DERIVED,SIMULATED
CURRENT,S2,55,2027-01-25,57200000.0,75200000.0,DERIVED,SIMULATED
CURRENT,S2,56,2027-02-01,57200000.0,75200000.0,DERIVED,SIMULATED
CURRENT,S2,57,2027-02-08,57200000.0,75200000.0,DERIVED,SIMULATED
CURRENT,S2,58,2027-02-15,57200000.0,75200000.0,DERIVED,SIMULATED
CURRENT,S2,59,2027-02-22,57200000.0,75200000.0,DERIVED,SIMULATED
CURRENT,S2,60,2027-03-01,57200000.0,75200000.0,DERIVED,SIMULATED
CURRENT,S2,61,2027-03-08,57200000.0,75200000.0,DERIVED,SIMULATED
CURRENT,S2,62,2027-03-15,57200000.0,75200000.0,DERIVED,SIMULATED
CURRENT,S2,63,2027-03-22,57200000.0,75200000.0,DERIVED,SIMULATED
CURRENT,S2,64,2027-03-29,57200000.0,75200000.0,DERIVED,SIMULATED
CURRENT,S2,65,2027-04-05,57200000.0,75200000.0,DERIVED,SIMULATED
CURRENT,S2,66,2027-04-12,57200000.0,75200000.0,DERIVED,SIMULATED
CURRENT,S2,67,2027-04-19,57200000.0,75200000.0,DERIVED,SIMULATED
CURRENT,S2,68,2027-04-26,57200000.0,75200000.0,DERIVED,SIMULATED
CURRENT,S2,69,2027-05-03,57200000.0,75200000.0,DERIVED,SIMULATED
CURRENT,S2,70,2027-05-10,57200000.0,75200000.0,DERIVED,SIMULATED
CURRENT,S2,71,2027-05-17,57200000.0,75200000.0,DERIVED,SIMULATED
CURRENT,S2,72,2027-05-24,57200000.0,75200000.0,DERIVED,SIMULATED
CURRENT,S2,73,2027-05-31,57200000.0,75200000.0,DERIVED,SIMULATED
CURRENT,S2,74,2027-06-07,57200000.0,75200000.0,DERIVED,SIMULATED
CURRENT,S2,75,2027-06-14,57200000.0,75200000.0,DERIVED,SIMULATED
CURRENT,S2,76,2027-06-21,57200000.0,75200000.0,DERIVED,SIMULATED
CURRENT,S2,77,2027-06-28,57200000.0,75200000.0,DERIVED,SIMULATED
CURRENT,S2,78,2027-07-05,57200000.0,75200000.0,DERIVED,SIMULATED
CURRENT,S2,79,2027-07-12,57200000.0,75200000.0,DERIVED,SIMULATED
CURRENT,S2,80,2027-07-19,57200000.0,75200000.0,DERIVED,SIMULATED
CURRENT,S2,81,2027-07-26,57200000.0,75200000.0,DERIVED,SIMULATED
CURRENT,S2,82,2027-08-02,57200000.0,75200000.0,DERIVED,SIMULATED
CURRENT,S3,30,2026-08-03,28495155.723240998,86000000.0,DERIVED,SIMULATED
CURRENT,S3,31,2026-08-10,29454354.60638085,86000000.0,DERIVED,SIMULATED
CURRENT,S3,32,2026-08-17,30413553.48952071,86000000.0,DERIVED,SIMULATED
CURRENT,S3,33,2026-08-24,31372752.372660562,86000000.0,DERIVED,SIMULATED
CURRENT,S3,34,2026-08-31,34331951.25580042,86000000.0,DERIVED,SIMULATED
CURRENT,S3,35,2026-09-07,35291150.138940275,86000000.0,DERIVED,SIMULATED
CURRENT,S3,36,2026-09-14,36250349.02208013,86000000.0,DERIVED,SIMULATED
CURRENT,S3,37,2026-09-21,37209547.90521999,86000000.0,DERIVED,SIMULATED
CURRENT,S3,38,2026-09-28,40168746.78835984,86000000.0,DERIVED,SIMULATED
CURRENT,S3,39,2026-10-05,41127945.6714997,86000000.0,DERIVED,SIMULATED
CURRENT,S3,40,2026-10-12,42087144.554639556,86000000.0,DERIVED,SIMULATED
CURRENT,S3,41,2026-10-19,43046343.43777941,86000000.0,DERIVED,SIMULATED
CURRENT,S3,42,2026-10-26,46005542.32091927,86000000.0,DERIVED,SIMULATED
CURRENT,S3,43,2026-11-02,46964741.204059124,86000000.0,DERIVED,SIMULATED
CURRENT,S3,44,2026-11-09,47923940.08719897,86000000.0,DERIVED,SIMULATED
CURRENT,S3,45,2026-11-16,48883138.97033884,86000000.0,DERIVED,SIMULATED
CURRENT,S3,46,2026-11-23,49842337.85347869,86000000.0,DERIVED,SIMULATED
CURRENT,S3,47,2026-11-30,50801536.73661854,86000000.0,DERIVED,SIMULATED
CURRENT,S3,48,2026-12-07,51760735.6197584,86000000.0,DERIVED,SIMULATED
CURRENT,S3,49,2026-12-14,52719934.50289826,86000000.0,DERIVED,SIMULATED
CURRENT,S3,50,2026-12-21,53679133.38603811,86000000.0,DERIVED,SIMULATED
CURRENT,S3,51,2026-12-28,54638332.26917797,86000000.0,DERIVED,SIMULATED
CURRENT,S3,52,2027-01-04,55597531.15231782,86000000.0,DERIVED,SIMULATED
CURRENT,S3,53,2027-01-11,56556730.035457686,86000000.0,DERIVED,SIMULATED
CURRENT,S3,54,2027-01-18,57515928.91859754,86000000.0,DERIVED,SIMULATED
CURRENT,S3,55,2027-01-25,58475127.8017374,86000000.0,DERIVED,SIMULATED
CURRENT,S3,56,2027-02-01,59167261.94063763,86000000.0,DERIVED,SIMULATED
CURRENT,S3,57,2027-02-08,59564603.29969446,86000000.0,DERIVED,SIMULATED
CURRENT,S3,58,2027-02-15,59961944.658751294,86000000.0,DERIVED,SIMULATED
CURRENT,S3,59,2027-02-22,60359286.01780813,86000000.0,DERIVED,SIMULATED
CURRENT,S3,60,2027-03-01,60756627.37686496,86000000.0,DERIVED,SIMULATED
CURRENT,S3,61,2027-03-08,61153968.7359218,86000000.0,DERIVED,SIMULATED
CURRENT,S3,62,2027-03-15,61551310.09497863,86000000.0,DERIVED,SIMULATED
CURRENT,S3,63,2027-03-22,61948651.45403546,86000000.0,DERIVED,SIMULATED
CURRENT,S3,64,2027-03-29,62000000.0,86000000.0,DERIVED,SIMULATED
CURRENT,S3,65,2027-04-05,62000000.0,86000000.0,DERIVED,SIMULATED
CURRENT,S3,66,2027-04-12,62000000.0,86000000.0,DERIVED,SIMULATED
CURRENT,S3,67,2027-04-19,62000000.0,86000000.0,DERIVED,SIMULATED
CURRENT,S3,68,2027-04-26,62000000.0,86000000.0,DERIVED,SIMULATED
CURRENT,S3,69,2027-05-03,62000000.0,86000000.0,DERIVED,SIMULATED
CURRENT,S3,70,2027-05-10,62000000.0,86000000.0,DERIVED,SIMULATED
CURRENT,S3,71,2027-05-17,62000000.0,86000000.0,DERIVED,SIMULATED
CURRENT,S3,72,2027-05-24,62000000.0,86000000.0,DERIVED,SIMULATED
CURRENT,S3,73,2027-05-31,62000000.0,86000000.0,DERIVED,SIMULATED
CURRENT,S3,74,2027-06-07,62000000.0,86000000.0,DERIVED,SIMULATED
CURRENT,S3,75,2027-06-14,62000000.0,86000000.0,DERIVED,SIMULATED
CURRENT,S3,76,2027-06-21,62000000.0,86000000.0,DERIVED,SIMULATED
CURRENT,S3,77,2027-06-28,62000000.0,86000000.0,DERIVED,SIMULATED
CURRENT,S3,78,2027-07-05,62000000.0,86000000.0,DERIVED,SIMULATED
CURRENT,S3,79,2027-07-12,62000000.0,86000000.0,DERIVED,SIMULATED
CURRENT,S3,80,2027-07-19,62000000.0,86000000.0,DERIVED,SIMULATED
CURRENT,S3,81,2027-07-26,62000000.0,86000000.0,DERIVED,SIMULATED
CURRENT,S3,82,2027-08-02,62000000.0,86000000.0,DERIVED,SIMULATED
CURRENT,S4,30,2026-08-03,36939811.01370547,69800000.0,DERIVED,SIMULATED
CURRENT,S4,31,2026-08-10,37796193.67965303,69800000.0,DERIVED,SIMULATED
CURRENT,S4,32,2026-08-17,38652576.34560059,69800000.0,DERIVED,SIMULATED
CURRENT,S4,33,2026-08-24,39508959.011548154,69800000.0,DERIVED,SIMULATED
CURRENT,S4,34,2026-08-31,40365341.67749572,69800000.0,DERIVED,SIMULATED
CURRENT,S4,35,2026-09-07,41221724.34344328,69800000.0,DERIVED,SIMULATED
CURRENT,S4,36,2026-09-14,42078107.009390846,69800000.0,DERIVED,SIMULATED
CURRENT,S4,37,2026-09-21,42934489.6753384,69800000.0,DERIVED,SIMULATED
CURRENT,S4,38,2026-09-28,43790872.341285974,69800000.0,DERIVED,SIMULATED
CURRENT,S4,39,2026-10-05,44647255.00723353,69800000.0,DERIVED,SIMULATED
CURRENT,S4,40,2026-10-12,45503637.673181094,69800000.0,DERIVED,SIMULATED
CURRENT,S4,41,2026-10-19,46360020.33912866,69800000.0,DERIVED,SIMULATED
CURRENT,S4,42,2026-10-26,47216403.005076215,69800000.0,DERIVED,SIMULATED
CURRENT,S4,43,2026-11-02,48072785.671023786,69800000.0,DERIVED,SIMULATED
CURRENT,S4,44,2026-11-09,48929168.33697134,69800000.0,DERIVED,SIMULATED
CURRENT,S4,45,2026-11-16,49323204.34790696,69800000.0,DERIVED,SIMULATED
CURRENT,S4,46,2026-11-23,49676677.96723831,69800000.0,DERIVED,SIMULATED
CURRENT,S4,47,2026-11-30,50030151.58656967,69800000.0,DERIVED,SIMULATED
CURRENT,S4,48,2026-12-07,50383625.20590101,69800000.0,DERIVED,SIMULATED
CURRENT,S4,49,2026-12-14,50737098.825232364,69800000.0,DERIVED,SIMULATED
CURRENT,S4,50,2026-12-21,51090572.44456372,69800000.0,DERIVED,SIMULATED
CURRENT,S4,51,2026-12-28,51444046.06389506,69800000.0,DERIVED,SIMULATED
CURRENT,S4,52,2027-01-04,51797519.683226414,69800000.0,DERIVED,SIMULATED
CURRENT,S4,53,2027-01-11,51800000.0,69800000.0,DERIVED,SIMULATED
CURRENT,S4,54,2027-01-18,51800000.0,69800000.0,DERIVED,SIMULATED
CURRENT,S4,55,2027-01-25,51800000.0,69800000.0,DERIVED,SIMULATED
CURRENT,S4,56,2027-02-01,51800000.0,69800000.0,DERIVED,SIMULATED
CURRENT,S4,57,2027-02-08,51800000.0,69800000.0,DERIVED,SIMULATED
CURRENT,S4,58,2027-02-15,51800000.0,69800000.0,DERIVED,SIMULATED
CURRENT,S4,59,2027-02-22,51800000.0,69800000.0,DERIVED,SIMULATED
CURRENT,S4,60,2027-03-01,51800000.0,69800000.0,DERIVED,SIMULATED
CURRENT,S4,61,2027-03-08,51800000.0,69800000.0,DERIVED,SIMULATED
CURRENT,S4,62,2027-03-15,51800000.0,69800000.0,DERIVED,SIMULATED
CURRENT,S4,63,2027-03-22,51800000.0,69800000.0,DERIVED,SIMULATED
CURRENT,S4,64,2027-03-29,51800000.0,69800000.0,DERIVED,SIMULATED
CURRENT,S4,65,2027-04-05,51800000.0,69800000.0,DERIVED,SIMULATED
CURRENT,S4,66,2027-04-12,51800000.0,69800000.0,DERIVED,SIMULATED
CURRENT,S4,67,2027-04-19,51800000.0,69800000.0,DERIVED,SIMULATED
CURRENT,S4,68,2027-04-26,51800000.0,69800000.0,DERIVED,SIMULATED
CURRENT,S4,69,2027-05-03,51800000.0,69800000.0,DERIVED,SIMULATED
CURRENT,S4,70,2027-05-10,51800000.0,69800000.0,DERIVED,SIMULATED
CURRENT,S4,71,2027-05-17,51800000.0,69800000.0,DERIVED,SIMULATED
CURRENT,S4,72,2027-05-24,51800000.0,69800000.0,DERIVED,SIMULATED
CURRENT,S4,73,2027-05-31,51800000.0,69800000.0,DERIVED,SIMULATED
CURRENT,S4,74,2027-06-07,51800000.0,69800000.0,DERIVED,SIMULATED
CURRENT,S4,75,2027-06-14,51800000.0,69800000.0,DERIVED,SIMULATED
CURRENT,S4,76,2027-06-21,51800000.0,69800000.0,DERIVED,SIMULATED
CURRENT,S4,77,2027-06-28,51800000.0,69800000.0,DERIVED,SIMULATED
CURRENT,S4,78,2027-07-05,51800000.0,69800000.0,DERIVED,SIMULATED
CURRENT,S4,79,2027-07-12,51800000.0,69800000.0,DERIVED,SIMULATED
CURRENT,S4,80,2027-07-19,51800000.0,69800000.0,DERIVED,SIMULATED
CURRENT,S4,81,2027-07-26,51800000.0,69800000.0,DERIVED,SIMULATED
CURRENT,S4,82,2027-08-02,51800000.0,69800000.0,DERIVED,SIMULATED
RECOVERY,S1,30,2026-08-03,46029167.66427638,80600000.0,DERIVED,SIMULATED
RECOVERY,S1,31,2026-08-10,47510414.2232795,80600000.0,DERIVED,SIMULATED
RECOVERY,S1,32,2026-08-17,48991660.78228262,80600000.0,DERIVED,SIMULATED
RECOVERY,S1,33,2026-08-24,50472907.34128575,80600000.0,DERIVED,SIMULATED
RECOVERY,S1,34,2026-08-31,51954153.90028888,80600000.0,DERIVED,SIMULATED
RECOVERY,S1,35,2026-09-07,53435400.459292,80600000.0,DERIVED,SIMULATED
RECOVERY,S1,36,2026-09-14,54916647.01829514,80600000.0,DERIVED,SIMULATED
RECOVERY,S1,37,2026-09-21,56397893.57729826,80600000.0,DERIVED,SIMULATED
RECOVERY,S1,38,2026-09-28,57879140.13630138,80600000.0,DERIVED,SIMULATED
RECOVERY,S1,39,2026-10-05,58988278.613191545,80600000.0,DERIVED,SIMULATED
RECOVERY,S1,40,2026-10-12,59599661.11197762,80600000.0,DERIVED,SIMULATED
RECOVERY,S1,41,2026-10-19,60211043.610763706,80600000.0,DERIVED,SIMULATED
RECOVERY,S1,42,2026-10-26,60822426.10954979,80600000.0,DERIVED,SIMULATED
RECOVERY,S1,43,2026-11-02,61433808.60833587,80600000.0,DERIVED,SIMULATED
RECOVERY,S1,44,2026-11-09,62045191.10712195,80600000.0,DERIVED,SIMULATED
RECOVERY,S1,45,2026-11-16,62600000.0,80600000.0,DERIVED,SIMULATED
RECOVERY,S1,46,2026-11-23,62600000.0,80600000.0,DERIVED,SIMULATED
RECOVERY,S1,47,2026-11-30,62600000.0,80600000.0,DERIVED,SIMULATED
RECOVERY,S1,48,2026-12-07,62600000.0,80600000.0,DERIVED,SIMULATED
RECOVERY,S1,49,2026-12-14,62600000.0,80600000.0,DERIVED,SIMULATED
RECOVERY,S1,50,2026-12-21,62600000.0,80600000.0,DERIVED,SIMULATED
RECOVERY,S1,51,2026-12-28,62600000.0,80600000.0,DERIVED,SIMULATED
RECOVERY,S1,52,2027-01-04,62600000.0,80600000.0,DERIVED,SIMULATED
RECOVERY,S1,53,2027-01-11,62600000.0,80600000.0,DERIVED,SIMULATED
RECOVERY,S1,54,2027-01-18,62600000.0,80600000.0,DERIVED,SIMULATED
RECOVERY,S1,55,2027-01-25,62600000.0,80600000.0,DERIVED,SIMULATED
RECOVERY,S1,56,2027-02-01,62600000.0,80600000.0,DERIVED,SIMULATED
RECOVERY,S1,57,2027-02-08,62600000.0,80600000.0,DERIVED,SIMULATED
RECOVERY,S1,58,2027-02-15,62600000.0,80600000.0,DERIVED,SIMULATED
RECOVERY,S1,59,2027-02-22,62600000.0,80600000.0,DERIVED,SIMULATED
RECOVERY,S1,60,2027-03-01,62600000.0,80600000.0,DERIVED,SIMULATED
RECOVERY,S1,61,2027-03-08,62600000.0,80600000.0,DERIVED,SIMULATED
RECOVERY,S1,62,2027-03-15,62600000.0,80600000.0,DERIVED,SIMULATED
RECOVERY,S1,63,2027-03-22,62600000.0,80600000.0,DERIVED,SIMULATED
RECOVERY,S1,64,2027-03-29,62600000.0,80600000.0,DERIVED,SIMULATED
RECOVERY,S1,65,2027-04-05,62600000.0,80600000.0,DERIVED,SIMULATED
RECOVERY,S1,66,2027-04-12,62600000.0,80600000.0,DERIVED,SIMULATED
RECOVERY,S1,67,2027-04-19,62600000.0,80600000.0,DERIVED,SIMULATED
RECOVERY,S1,68,2027-04-26,62600000.0,80600000.0,DERIVED,SIMULATED
RECOVERY,S1,69,2027-05-03,62600000.0,80600000.0,DERIVED,SIMULATED
RECOVERY,S1,70,2027-05-10,62600000.0,80600000.0,DERIVED,SIMULATED
RECOVERY,S1,71,2027-05-17,62600000.0,80600000.0,DERIVED,SIMULATED
RECOVERY,S1,72,2027-05-24,62600000.0,80600000.0,DERIVED,SIMULATED
RECOVERY,S1,73,2027-05-31,62600000.0,80600000.0,DERIVED,SIMULATED
RECOVERY,S1,74,2027-06-07,62600000.0,80600000.0,DERIVED,SIMULATED
RECOVERY,S1,75,2027-06-14,62600000.0,80600000.0,DERIVED,SIMULATED
RECOVERY,S1,76,2027-06-21,62600000.0,80600000.0,DERIVED,SIMULATED
RECOVERY,S1,77,2027-06-28,62600000.0,80600000.0,DERIVED,SIMULATED
RECOVERY,S1,78,2027-07-05,62600000.0,80600000.0,DERIVED,SIMULATED
RECOVERY,S1,79,2027-07-12,62600000.0,80600000.0,DERIVED,SIMULATED
RECOVERY,S1,80,2027-07-19,62600000.0,80600000.0,DERIVED,SIMULATED
RECOVERY,S1,81,2027-07-26,62600000.0,80600000.0,DERIVED,SIMULATED
RECOVERY,S1,82,2027-08-02,62600000.0,80600000.0,DERIVED,SIMULATED
RECOVERY,S2,30,2026-08-03,41122949.9758908,75200000.0,DERIVED,SIMULATED
RECOVERY,S2,31,2026-08-10,42395095.05638334,75200000.0,DERIVED,SIMULATED
RECOVERY,S2,32,2026-08-17,43667240.13687589,75200000.0,DERIVED,SIMULATED
RECOVERY,S2,33,2026-08-24,44939385.21736844,75200000.0,DERIVED,SIMULATED
RECOVERY,S2,34,2026-08-31,46211530.29786098,75200000.0,DERIVED,SIMULATED
RECOVERY,S2,35,2026-09-07,47483675.378353536,75200000.0,DERIVED,SIMULATED
RECOVERY,S2,36,2026-09-14,48755820.45884608,75200000.0,DERIVED,SIMULATED
RECOVERY,S2,37,2026-09-21,50027965.53933862,75200000.0,DERIVED,SIMULATED
RECOVERY,S2,38,2026-09-28,51300110.61983117,75200000.0,DERIVED,SIMULATED
RECOVERY,S2,39,2026-10-05,52572255.700323716,75200000.0,DERIVED,SIMULATED
RECOVERY,S2,40,2026-10-12,53723594.79202727,75200000.0,DERIVED,SIMULATED
RECOVERY,S2,41,2026-10-19,54228252.45828903,75200000.0,DERIVED,SIMULATED
RECOVERY,S2,42,2026-10-26,54732910.12455079,75200000.0,DERIVED,SIMULATED
RECOVERY,S2,43,2026-11-02,55237567.790812545,75200000.0,DERIVED,SIMULATED
RECOVERY,S2,44,2026-11-09,55742225.4570743,75200000.0,DERIVED,SIMULATED
RECOVERY,S2,45,2026-11-16,56246883.12333606,75200000.0,DERIVED,SIMULATED
RECOVERY,S2,46,2026-11-23,56751540.78959782,75200000.0,DERIVED,SIMULATED
RECOVERY,S2,47,2026-11-30,57200000.0,75200000.0,DERIVED,SIMULATED
RECOVERY,S2,48,2026-12-07,57200000.0,75200000.0,DERIVED,SIMULATED
RECOVERY,S2,49,2026-12-14,57200000.0,75200000.0,DERIVED,SIMULATED
RECOVERY,S2,50,2026-12-21,57200000.0,75200000.0,DERIVED,SIMULATED
RECOVERY,S2,51,2026-12-28,57200000.0,75200000.0,DERIVED,SIMULATED
RECOVERY,S2,52,2027-01-04,57200000.0,75200000.0,DERIVED,SIMULATED
RECOVERY,S2,53,2027-01-11,57200000.0,75200000.0,DERIVED,SIMULATED
RECOVERY,S2,54,2027-01-18,57200000.0,75200000.0,DERIVED,SIMULATED
RECOVERY,S2,55,2027-01-25,57200000.0,75200000.0,DERIVED,SIMULATED
RECOVERY,S2,56,2027-02-01,57200000.0,75200000.0,DERIVED,SIMULATED
RECOVERY,S2,57,2027-02-08,57200000.0,75200000.0,DERIVED,SIMULATED
RECOVERY,S2,58,2027-02-15,57200000.0,75200000.0,DERIVED,SIMULATED
RECOVERY,S2,59,2027-02-22,57200000.0,75200000.0,DERIVED,SIMULATED
RECOVERY,S2,60,2027-03-01,57200000.0,75200000.0,DERIVED,SIMULATED
RECOVERY,S2,61,2027-03-08,57200000.0,75200000.0,DERIVED,SIMULATED
RECOVERY,S2,62,2027-03-15,57200000.0,75200000.0,DERIVED,SIMULATED
RECOVERY,S2,63,2027-03-22,57200000.0,75200000.0,DERIVED,SIMULATED
RECOVERY,S2,64,2027-03-29,57200000.0,75200000.0,DERIVED,SIMULATED
RECOVERY,S2,65,2027-04-05,57200000.0,75200000.0,DERIVED,SIMULATED
RECOVERY,S2,66,2027-04-12,57200000.0,75200000.0,DERIVED,SIMULATED
RECOVERY,S2,67,2027-04-19,57200000.0,75200000.0,DERIVED,SIMULATED
RECOVERY,S2,68,2027-04-26,57200000.0,75200000.0,DERIVED,SIMULATED
RECOVERY,S2,69,2027-05-03,57200000.0,75200000.0,DERIVED,SIMULATED
RECOVERY,S2,70,2027-05-10,57200000.0,75200000.0,DERIVED,SIMULATED
RECOVERY,S2,71,2027-05-17,57200000.0,75200000.0,DERIVED,SIMULATED
RECOVERY,S2,72,2027-05-24,57200000.0,75200000.0,DERIVED,SIMULATED
RECOVERY,S2,73,2027-05-31,57200000.0,75200000.0,DERIVED,SIMULATED
RECOVERY,S2,74,2027-06-07,57200000.0,75200000.0,DERIVED,SIMULATED
RECOVERY,S2,75,2027-06-14,57200000.0,75200000.0,DERIVED,SIMULATED
RECOVERY,S2,76,2027-06-21,57200000.0,75200000.0,DERIVED,SIMULATED
RECOVERY,S2,77,2027-06-28,57200000.0,75200000.0,DERIVED,SIMULATED
RECOVERY,S2,78,2027-07-05,57200000.0,75200000.0,DERIVED,SIMULATED
RECOVERY,S2,79,2027-07-12,57200000.0,75200000.0,DERIVED,SIMULATED
RECOVERY,S2,80,2027-07-19,57200000.0,75200000.0,DERIVED,SIMULATED
RECOVERY,S2,81,2027-07-26,57200000.0,75200000.0,DERIVED,SIMULATED
RECOVERY,S2,82,2027-08-02,57200000.0,75200000.0,DERIVED,SIMULATED
RECOVERY,S3,30,2026-08-03,28495155.723240998,86000000.0,DERIVED,SIMULATED
RECOVERY,S3,31,2026-08-10,29694154.327165816,86000000.0,DERIVED,SIMULATED
RECOVERY,S3,32,2026-08-17,30893152.931090638,86000000.0,DERIVED,SIMULATED
RECOVERY,S3,33,2026-08-24,32092151.53501545,86000000.0,DERIVED,SIMULATED
RECOVERY,S3,34,2026-08-31,35291150.138940275,86000000.0,DERIVED,SIMULATED
RECOVERY,S3,35,2026-09-07,36490148.74286509,86000000.0,DERIVED,SIMULATED
RECOVERY,S3,36,2026-09-14,37689147.34678992,86000000.0,DERIVED,SIMULATED
RECOVERY,S3,37,2026-09-21,40888145.95071474,86000000.0,DERIVED,SIMULATED
RECOVERY,S3,38,2026-09-28,42087144.554639556,86000000.0,DERIVED,SIMULATED
RECOVERY,S3,39,2026-10-05,43286143.158564374,86000000.0,DERIVED,SIMULATED
RECOVERY,S3,40,2026-10-12,46485141.76248919,86000000.0,DERIVED,SIMULATED
RECOVERY,S3,41,2026-10-19,47684140.36641401,86000000.0,DERIVED,SIMULATED
RECOVERY,S3,42,2026-10-26,48883138.97033884,86000000.0,DERIVED,SIMULATED
RECOVERY,S3,43,2026-11-02,50082137.574263655,86000000.0,DERIVED,SIMULATED
RECOVERY,S3,44,2026-11-09,51281136.17818847,86000000.0,DERIVED,SIMULATED
RECOVERY,S3,45,2026-11-16,52480134.7821133,86000000.0,DERIVED,SIMULATED
RECOVERY,S3,46,2026-11-23,53679133.38603811,86000000.0,DERIVED,SIMULATED
RECOVERY,S3,47,2026-11-30,54878131.989962935,86000000.0,DERIVED,SIMULATED
RECOVERY,S3,48,2026-12-07,56077130.593887754,86000000.0,DERIVED,SIMULATED
RECOVERY,S3,49,2026-12-14,57276129.19781257,86000000.0,DERIVED,SIMULATED
RECOVERY,S3,50,2026-12-21,58475127.8017374,86000000.0,DERIVED,SIMULATED
RECOVERY,S3,51,2026-12-28,59266597.28040184,86000000.0,DERIVED,SIMULATED
RECOVERY,S3,52,2027-01-04,59763273.97922288,86000000.0,DERIVED,SIMULATED
RECOVERY,S3,53,2027-01-11,60259950.678043924,86000000.0,DERIVED,SIMULATED
RECOVERY,S3,54,2027-01-18,60756627.37686496,86000000.0,DERIVED,SIMULATED
RECOVERY,S3,55,2027-01-25,61253304.07568601,86000000.0,DERIVED,SIMULATED
RECOVERY,S3,56,2027-02-01,61749980.774507046,86000000.0,DERIVED,SIMULATED
RECOVERY,S3,57,2027-02-08,62000000.0,86000000.0,DERIVED,SIMULATED
RECOVERY,S3,58,2027-02-15,62000000.0,86000000.0,DERIVED,SIMULATED
RECOVERY,S3,59,2027-02-22,62000000.0,86000000.0,DERIVED,SIMULATED
RECOVERY,S3,60,2027-03-01,62000000.0,86000000.0,DERIVED,SIMULATED
RECOVERY,S3,61,2027-03-08,62000000.0,86000000.0,DERIVED,SIMULATED
RECOVERY,S3,62,2027-03-15,62000000.0,86000000.0,DERIVED,SIMULATED
RECOVERY,S3,63,2027-03-22,62000000.0,86000000.0,DERIVED,SIMULATED
RECOVERY,S3,64,2027-03-29,62000000.0,86000000.0,DERIVED,SIMULATED
RECOVERY,S3,65,2027-04-05,62000000.0,86000000.0,DERIVED,SIMULATED
RECOVERY,S3,66,2027-04-12,62000000.0,86000000.0,DERIVED,SIMULATED
RECOVERY,S3,67,2027-04-19,62000000.0,86000000.0,DERIVED,SIMULATED
RECOVERY,S3,68,2027-04-26,62000000.0,86000000.0,DERIVED,SIMULATED
RECOVERY,S3,69,2027-05-03,62000000.0,86000000.0,DERIVED,SIMULATED
RECOVERY,S3,70,2027-05-10,62000000.0,86000000.0,DERIVED,SIMULATED
RECOVERY,S3,71,2027-05-17,62000000.0,86000000.0,DERIVED,SIMULATED
RECOVERY,S3,72,2027-05-24,62000000.0,86000000.0,DERIVED,SIMULATED
RECOVERY,S3,73,2027-05-31,62000000.0,86000000.0,DERIVED,SIMULATED
RECOVERY,S3,74,2027-06-07,62000000.0,86000000.0,DERIVED,SIMULATED
RECOVERY,S3,75,2027-06-14,62000000.0,86000000.0,DERIVED,SIMULATED
RECOVERY,S3,76,2027-06-21,62000000.0,86000000.0,DERIVED,SIMULATED
RECOVERY,S3,77,2027-06-28,62000000.0,86000000.0,DERIVED,SIMULATED
RECOVERY,S3,78,2027-07-05,62000000.0,86000000.0,DERIVED,SIMULATED
RECOVERY,S3,79,2027-07-12,62000000.0,86000000.0,DERIVED,SIMULATED
RECOVERY,S3,80,2027-07-19,62000000.0,86000000.0,DERIVED,SIMULATED
RECOVERY,S3,81,2027-07-26,62000000.0,86000000.0,DERIVED,SIMULATED
RECOVERY,S3,82,2027-08-02,62000000.0,86000000.0,DERIVED,SIMULATED
RECOVERY,S4,30,2026-08-03,36939811.01370547,69800000.0,DERIVED,SIMULATED
RECOVERY,S4,31,2026-08-10,38010289.34613992,69800000.0,DERIVED,SIMULATED
RECOVERY,S4,32,2026-08-17,39080767.678574376,69800000.0,DERIVED,SIMULATED
RECOVERY,S4,33,2026-08-24,40151246.01100883,69800000.0,DERIVED,SIMULATED
RECOVERY,S4,34,2026-08-31,41221724.34344328,69800000.0,DERIVED,SIMULATED
RECOVERY,S4,35,2026-09-07,42292202.675877735,69800000.0,DERIVED,SIMULATED
RECOVERY,S4,36,2026-09-14,43362681.00831219,69800000.0,DERIVED,SIMULATED
RECOVERY,S4,37,2026-09-21,44433159.34074664,69800000.0,DERIVED,SIMULATED
RECOVERY,S4,38,2026-09-28,45503637.673181094,69800000.0,DERIVED,SIMULATED
RECOVERY,S4,39,2026-10-05,46574116.00561555,69800000.0,DERIVED,SIMULATED
RECOVERY,S4,40,2026-10-12,47644594.33805,69800000.0,DERIVED,SIMULATED
RECOVERY,S4,41,2026-10-19,48715072.67048445,69800000.0,DERIVED,SIMULATED
RECOVERY,S4,42,2026-10-26,49323204.34790696,69800000.0,DERIVED,SIMULATED
RECOVERY,S4,43,2026-11-02,49765046.37207115,69800000.0,DERIVED,SIMULATED
RECOVERY,S4,44,2026-11-09,50206888.39623534,69800000.0,DERIVED,SIMULATED
RECOVERY,S4,45,2026-11-16,50648730.420399524,69800000.0,DERIVED,SIMULATED
RECOVERY,S4,46,2026-11-23,51090572.44456372,69800000.0,DERIVED,SIMULATED
RECOVERY,S4,47,2026-11-30,51532414.4687279,69800000.0,DERIVED,SIMULATED
RECOVERY,S4,48,2026-12-07,51800000.0,69800000.0,DERIVED,SIMULATED
RECOVERY,S4,49,2026-12-14,51800000.0,69800000.0,DERIVED,SIMULATED
RECOVERY,S4,50,2026-12-21,51800000.0,69800000.0,DERIVED,SIMULATED
RECOVERY,S4,51,2026-12-28,51800000.0,69800000.0,DERIVED,SIMULATED
RECOVERY,S4,52,2027-01-04,51800000.0,69800000.0,DERIVED,SIMULATED
RECOVERY,S4,53,2027-01-11,51800000.0,69800000.0,DERIVED,SIMULATED
RECOVERY,S4,54,2027-01-18,51800000.0,69800000.0,DERIVED,SIMULATED
RECOVERY,S4,55,2027-01-25,51800000.0,69800000.0,DERIVED,SIMULATED
RECOVERY,S4,56,2027-02-01,51800000.0,69800000.0,DERIVED,SIMULATED
RECOVERY,S4,57,2027-02-08,51800000.0,69800000.0,DERIVED,SIMULATED
RECOVERY,S4,58,2027-02-15,51800000.0,69800000.0,DERIVED,SIMULATED
RECOVERY,S4,59,2027-02-22,51800000.0,69800000.0,DERIVED,SIMULATED
RECOVERY,S4,60,2027-03-01,51800000.0,69800000.0,DERIVED,SIMULATED
RECOVERY,S4,61,2027-03-08,51800000.0,69800000.0,DERIVED,SIMULATED
RECOVERY,S4,62,2027-03-15,51800000.0,69800000.0,DERIVED,SIMULATED
RECOVERY,S4,63,2027-03-22,51800000.0,69800000.0,DERIVED,SIMULATED
RECOVERY,S4,64,2027-03-29,51800000.0,69800000.0,DERIVED,SIMULATED
RECOVERY,S4,65,2027-04-05,51800000.0,69800000.0,DERIVED,SIMULATED
RECOVERY,S4,66,2027-04-12,51800000.0,69800000.0,DERIVED,SIMULATED
RECOVERY,S4,67,2027-04-19,51800000.0,69800000.0,DERIVED,SIMULATED
RECOVERY,S4,68,2027-04-26,51800000.0,69800000.0,DERIVED,SIMULATED
RECOVERY,S4,69,2027-05-03,51800000.0,69800000.0,DERIVED,SIMULATED
RECOVERY,S4,70,2027-05-10,51800000.0,69800000.0,DERIVED,SIMULATED
RECOVERY,S4,71,2027-05-17,51800000.0,69800000.0,DERIVED,SIMULATED
RECOVERY,S4,72,2027-05-24,51800000.0,69800000.0,DERIVED,SIMULATED
RECOVERY,S4,73,2027-05-31,51800000.0,69800000.0,DERIVED,SIMULATED
RECOVERY,S4,74,2027-06-07,51800000.0,69800000.0,DERIVED,SIMULATED
RECOVERY,S4,75,2027-06-14,51800000.0,69800000.0,DERIVED,SIMULATED
RECOVERY,S4,76,2027-06-21,51800000.0,69800000.0,DERIVED,SIMULATED
RECOVERY,S4,77,2027-06-28,51800000.0,69800000.0,DERIVED,SIMULATED
RECOVERY,S4,78,2027-07-05,51800000.0,69800000.0,DERIVED,SIMULATED
RECOVERY,S4,79,2027-07-12,51800000.0,69800000.0,DERIVED,SIMULATED
RECOVERY,S4,80,2027-07-19,51800000.0,69800000.0,DERIVED,SIMULATED
RECOVERY,S4,81,2027-07-26,51800000.0,69800000.0,DERIVED,SIMULATED
RECOVERY,S4,82,2027-08-02,51800000.0,69800000.0,DERIVED,SIMULATED
