wbs,section,discipline,unit,week,date,start_week,finish_week,baseline_finish,scope_quantity,planned_quantity,actual_quantity,budget,actual_cost,outstanding_commitments,evidence_type,planned_fraction,actual_fraction,earned_schedule_days_behind,origin
S1-1,S1,Track,route-mile,30,2026-08-03,0,40,2026-10-12,18,13.5,13.339582212599726,28800000.0,21986198.17096275,4846834.498896286,SIMULATED,0.75,0.7410879006999848,2.495387804004274,SIMULATED
S1-2,S1,Electrification,route-mile,30,2026-08-03,8,47,2026-11-30,18,10.153846153846153,9.714396476469826,19800000.0,11011245.154291453,5924206.5193240745,SIMULATED,0.5641025641025641,0.5396886931372126,6.664986773540967,SIMULATED
S1-3,S1,Stations,station,30,2026-08-03,4,44,2026-11-09,2,1.3,1.0,24000000.0,12396000.0,7800000.0,SIMULATED,0.65,0.5,42.0,SIMULATED
S1-4,S1,Signaling,installation,30,2026-08-03,15,52,2027-01-04,4,1.6216216216216217,1.0,8000000.0,2072432.4324324324,3900000.0,SIMULATED,0.40540540540540543,0.25,40.25,SIMULATED
S2-1,S2,Track,route-mile,30,2026-08-03,0,40,2026-10-12,16,12.0,11.278707404050694,25600000.0,19501147.07573479,4910144.299787278,SIMULATED,0.75,0.7049192127531684,12.62262042911286,SIMULATED
S2-2,S2,Electrification,route-mile,30,2026-08-03,8,47,2026-11-30,16,9.025641025641026,8.251834663099716,17600000.0,9811691.449750418,5539938.215883703,SIMULATED,0.5641025641025641,0.5157396664437323,13.203071060861099,SIMULATED
S2-3,S2,Stations,station,30,2026-08-03,4,44,2026-11-09,2,1.3,1.0,24000000.0,12996000.0,7800000.0,SIMULATED,0.65,0.5,42.0,SIMULATED
S2-4,S2,Signaling,installation,30,2026-08-03,15,52,2027-01-04,4,1.6216216216216217,1.0,8000000.0,2172432.4324324327,3900000.0,SIMULATED,0.40540540540540543,0.25,40.25,SIMULATED
S3-1,S3,Track,route-mile,30,2026-08-03,0,40,2026-10-12,20,15.0,11.036730698800621,32000000.0,21783698.32405881,9321800.073247354,SIMULATED,0.75,0.551836534940031,55.4857702167913,SIMULATED
S3-2,S3,Electrification,route-mile,30,2026-08-03,8,47,2026-11-30,20,11.282051282051281,8.033078731963638,22000000.0,10904494.222397765,8556348.706645997,SIMULATED,0.5641025641025641,0.4016539365981819,44.34847530869633,SIMULATED
S3-3,S3,Stations,station,30,2026-08-03,4,44,2026-11-09,2,1.3,0.0,24000000.0,156000.0,15600000.0,SIMULATED,0.65,0.0,182.0,SIMULATED
S3-4,S3,Signaling,installation,30,2026-08-03,15,52,2027-01-04,4,1.6216216216216217,1.0,8000000.0,2472432.4324324327,3900000.0,SIMULATED,0.40540540540540543,0.25,40.25,SIMULATED
S4-1,S4,Track,route-mile,30,2026-08-03,0,40,2026-10-12,14,10.5,9.574194347355474,22400000.0,17018582.051345635,4602837.8787503075,SIMULATED,0.75,0.6838710248111053,18.51611305289053,SIMULATED
S4-2,S4,Electrification,route-mile,30,2026-08-03,8,47,2026-11-30,14,7.897435897435898,6.928272779942464,15400000.0,8470081.858602177,5056284.962341138,SIMULATED,0.5641025641025641,0.4948766271387474,18.898680791121954,SIMULATED
S4-3,S4,Stations,station,30,2026-08-03,4,44,2026-11-09,2,1.3,1.0,24000000.0,13356000.000000002,7800000.0,SIMULATED,0.65,0.5,42.0,SIMULATED
S4-4,S4,Signaling,installation,30,2026-08-03,15,52,2027-01-04,4,1.6216216216216217,1.0,8000000.0,2232432.4324324327,3900000.0,SIMULATED,0.40540540540540543,0.25,40.25,SIMULATED
